Upright Order ID,Channel,Channel Order ID,Secondary Channel,Channel Buyer ID,Order Item Count,Payment ID,Payment Type,Total,Subtotal,Shipping Total,Shipping Label Cost,Handling Total,Tax Total,Donation Total,Currency,Final Value,Payment Processing Fee,Shipping City,Shipping Country,Shipping Address 1,Shipping Address 2,Shipping State,Paid At
24838102,Shopgoodwill,66167210,,2076586,4,,CreditCard,247.84,205.82,15.51,,12,14.51,0,USD,18.52,7.49,Madison,US,,,WI,09/27/2026 01:35:25
24838130,eBay,12-91853-47261,,gem27709,1,,CreditCard,32,20.2,7.63,6.56,3,1.17,0,USD,3.99,0,Fort Wayne,US,,,IN,09/27/2026 02:02:12
24838131,Shopgoodwill,66167225,,1932659,1,,ApplePay,239.64,214.04,11.53,,3,11.07,0,USD,19.26,7.25,Toledo,US,,,OH,09/27/2026 05:06:54
24838167,Shopgoodwill,66167234,,2086260,1,,ApplePay,69.53,49.66,13.76,,3,2.71,0.4,USD,4.47,2.3,Louisville,US,,,KY,09/27/2026 05:50:12
24838200,Shopgoodwill,66167235,,2516025,1,,CreditCard,66.02,51.87,8.05,7.16,3,2.66,0.44,USD,4.67,2.2,Kalamazoo,US,,,MI,09/27/2026 06:31:23
24838212,Shopgoodwill,66167250,,1000378,1,,ApplePay,72.76,65.58,0,,3,4.18,0,USD,5.9,2.41,Chicago,US,,,IL,09/27/2026 07:33:06
24838244,Shopgoodwill,66167268,,1002772,2,,PayPal,74.25,52.53,12.79,,6,2.93,0,USD,4.73,2.45,Lansing,US,,,MI,09/27/2026 09:31:49
24838281,Shopgoodwill,66167270,,1907081,1,,ApplePay,59.25,39.5,13.67,,3,2.75,0.33,USD,3.56,2.01,Madison,US,,,WI,09/27/2026 09:48:44
24838287,eBay,12-91926-54663,,hunt_22218,1,,CreditCard,92.22,76.45,8.09,,3,4.68,0,USD,11.5,0,Toledo,US,,,OH,09/27/2026 10:28:13
24838307,Shopgoodwill,66167295,,1548086,1,,PayPal,50.5,35.9,9.07,,3,2.53,0,USD,3.23,1.76,Lansing,US,,,MI,09/27/2026 10:40:53
24838335,eBay,12-91937-85063,,hunt00538,1,,CreditCard,54.67,40.63,11.04,,3,0,0,USD,7.15,0,Louisville,US,,,KY,09/27/2026 10:42:20
24838338,Shopgoodwill,66167305,,2535121,1,,ApplePay,62.2,48.1,8.4,,3,2.7,0,USD,4.33,2.1,Madison,US,,,WI,09/27/2026 10:50:37
24838346,Shopgoodwill,66167314,,1394842,1,,PayPal,56.28,40.01,10.07,,3,3.2,0,USD,3.6,1.93,Lansing,US,,,MI,09/27/2026 10:53:16
24838373,Shopgoodwill,66167334,,1122031,1,,CreditCard,102.47,79.2,14.08,,3,6.19,0,USD,7.13,3.27,Lansing,US,,,MI,09/27/2026 10:56:15
24838374,Shopgoodwill,66167351,,2566383,1,,CreditCard,109.65,93.02,8.52,,3,5.11,0,USD,8.37,3.48,Lansing,US,,,MI,09/27/2026 11:10:04
24838401,Shopgoodwill,66167375,,1047299,1,,ApplePay,91.58,69.78,15.17,,3,3.63,0,USD,6.28,2.96,Louisville,US,,,KY,09/27/2026 11:16:47
24838435,Shopgoodwill,66167399,,1001652,1,,PayPal,97.34,73.97,14.82,13.34,3,5.55,0,USD,6.66,3.12,Columbus,US,,,OH,09/27/2026 11:39:37
24838456,Shopgoodwill,66167415,,1083097,2,,PayPal,197.75,166.87,13.03,,6,11.85,0,USD,15.02,6.03,Madison,US,,,WI,09/27/2026 11:57:53
24838492,Shopgoodwill,66167442,,1532924,1,,CreditCard,108.39,84.33,14.4,12.38,3,6.66,0,USD,7.59,3.44,Fort Wayne,US,,,IN,09/27/2026 12:03:27
24838505,Shopgoodwill,66167469,,1084441,1,,ApplePay,30.36,14.87,11.53,9.92,3,0.96,0,USD,1.34,1.18,Grand Rapids,US,,,MI,09/27/2026 12:18:09
24838507,Shopgoodwill,66167473,,2428896,1,,ApplePay,66.31,49.54,10.45,9.2,3,3.32,0,USD,4.46,2.22,Chicago,US,,,IL,09/27/2026 12:24:15
24838543,Shopgoodwill,66167486,,1005257,1,,ApplePay,68.69,50.09,11.65,10.14,3,3.11,0.84,USD,4.51,2.27,Indianapolis,US,,,IN,09/27/2026 12:26:35
24838545,Shopgoodwill,66167487,,1250670,1,,ApplePay,142.25,123.36,8.73,7.51,3,7.16,0,USD,11.1,4.43,Grand Rapids,US,,,MI,09/27/2026 12:34:11
24838550,Shopgoodwill,66167511,,1000378,1,,CreditCard,49.42,32.56,11.63,10.47,3,2.23,0,USD,2.93,1.73,Columbus,US,,,OH,09/27/2026 12:38:02
24838571,Shopgoodwill,66167512,,1002940,1,,ApplePay,74.25,57.06,14.19,12.63,3,0,0,USD,5.14,2.45,Kalamazoo,US,,,MI,09/27/2026 12:41:10
24838574,GoodwillFinds,5581846325,,7000006040,4,,CreditCard,231.12,191.6,12.36,11.12,12,15.16,0,USD,28.74,7,Columbus,US,,,OH,09/27/2026 12:41:32
24838591,eBay,12-91939-69893,,treasure26641,1,,ApplePay,224.3,194.78,14.7,12.79,3,11.82,0,USD,28.06,0,Indianapolis,US,,,IN,09/27/2026 12:43:24
24838608,Shopgoodwill,66167517,,2449413,1,,PayPal,85.34,64.24,14.71,,3,3.39,0,USD,5.78,2.77,Louisville,US,,,KY,09/27/2026 12:46:17
24838629,Shopgoodwill,66167532,,2659658,1,,CreditCard,224.86,210.67,0,,3,11.19,0,USD,18.96,6.82,Louisville,US,,,KY,09/27/2026 12:49:29
24838659,Shopgoodwill,66167551,,2210979,1,,ApplePay,86.9,66.46,13.58,12.22,3,3.86,0,USD,5.98,2.82,Columbus,US,,,OH,09/27/2026 12:56:24
24838667,Shopgoodwill,66167580,,1998403,1,,PayPal,45.18,26.57,14.2,,3,1.41,0,USD,2.39,1.61,Louisville,US,,,KY,09/27/2026 13:00:28
24838681,Shopgoodwill,66167603,,1253036,4,,CreditCard,358.97,306.85,15.7,13.97,12,24.42,0,USD,27.62,10.71,Kalamazoo,US,,,MI,09/27/2026 13:15:46
24838684,Shopgoodwill,66167627,,2522458,1,,ApplePay,23.08,10.32,9.14,,3,0.62,0,USD,0.93,0.97,Toledo,US,,,OH,09/27/2026 13:20:35
24838693,Shopgoodwill,66167633,,1006552,1,,PayPal,58.59,40.22,12.97,11.54,3,2.4,0,USD,3.62,2,Kalamazoo,US,,,MI,09/27/2026 13:24:01
24838730,Shopgoodwill,66167638,,1001085,1,,PayPal,32.4,17.87,10.41,,3,1.12,0,USD,1.61,1.24,Toledo,US,,,OH,09/27/2026 13:26:20
24838732,Shopgoodwill,66167647,,1409514,1,,CreditCard,263.25,228.29,14.35,12.34,3,17.61,0,USD,20.55,7.93,Fort Wayne,US,,,IN,09/27/2026 13:29:04
24838766,Shopgoodwill,66167669,,2251460,1,,CreditCard,56.06,35.83,15.23,,3,2,0,USD,3.22,1.93,Lansing,US,,,MI,09/27/2026 13:31:39
24838770,Shopgoodwill,66167688,,2660442,1,,PayPal,104.37,84.51,11.41,,3,5.45,0,USD,7.61,3.33,Toledo,US,,,OH,09/27/2026 13:34:00
24838780,Shopgoodwill,66167699,,1132307,1,,ApplePay,63.87,48.47,8.77,,3,3.63,0,USD,4.36,2.15,Toledo,US,,,OH,09/27/2026 13:47:35
24838805,Shopgoodwill,66167709,,1374962,1,,PayPal,59.55,45.24,8.93,7.95,3,2.38,0,USD,4.07,2.03,Kalamazoo,US,,,MI,09/27/2026 13:50:44
24838811,Shopgoodwill,66167716,,1005698,1,,ApplePay,282.71,250.14,14.15,12.45,3,15.42,0,USD,22.51,8.5,Chicago,US,,,IL,09/27/2026 13:52:48
24838836,Shopgoodwill,66167745,,1000028,1,,PayPal,68.36,50.91,9.89,8.8,3,3.72,0.84,USD,4.58,2.26,Kalamazoo,US,,,MI,09/27/2026 14:12:09
24838837,Shopgoodwill,66167760,,2169896,4,,CreditCard,372.21,327.2,12.36,10.88,12,20.65,0,USD,29.45,11.09,Chicago,US,,,IL,09/27/2026 14:44:24
24838844,Shopgoodwill,66167781,,2481704,1,,ApplePay,62.84,46.51,10.64,,3,2.69,0,USD,4.19,2.12,Louisville,US,,,KY,09/27/2026 14:44:58
24838876,Shopgoodwill,66167808,,2678943,1,,ApplePay,132.77,111.91,10.58,,3,7.28,0,USD,10.07,4.15,Toledo,US,,,OH,09/27/2026 14:51:26
24838886,Shopgoodwill,66167815,,1687624,1,,CreditCard,39.03,26.49,9.54,8.2,3,0,0,USD,2.38,1.43,Grand Rapids,US,,,MI,09/27/2026 14:54:54
24838888,Shopgoodwill,66167842,,1153790,1,,PayPal,61.43,44.47,10.77,,3,3.19,0,USD,4,2.08,Louisville,US,,,KY,09/27/2026 14:57:45
24838916,Shopgoodwill,66167845,,1268492,1,,CreditCard,124.8,104.81,11.19,,3,5.55,0.25,USD,9.43,3.91,Madison,US,,,WI,09/27/2026 15:01:02
24838928,GoodwillFinds,5581860815,,7000169247,1,,CreditCard,33.85,21.69,7.65,6.66,3,1.51,0,USD,3.25,1.28,Indianapolis,US,,,IN,09/27/2026 15:02:28
24838932,Shopgoodwill,66167846,,1550515,1,,CreditCard,50.7,30.81,14.63,13.17,3,2.26,0,USD,2.77,1.77,Columbus,US,,,OH,09/27/2026 15:06:11
24838963,Shopgoodwill,66167865,,1418992,1,,PayPal,226.2,195.64,15.34,13.65,3,12.22,0,USD,17.61,6.86,Kalamazoo,US,,,MI,09/27/2026 15:08:52
24838991,GoodwillFinds,5581920648,,7000000000,1,,ApplePay,3361.24,3134.35,12.8,11.01,3,211.09,0,USD,470.15,97.78,Fort Wayne,US,,,IN,09/27/2026 15:09:46
24838999,eBay,12-91987-79200,,resell.31703,2,,PayPal,90.52,63.69,16.31,14.35,6,3.99,0.53,USD,10.9,0,Chicago,US,,,IL,09/27/2026 15:10:48
24839007,Shopgoodwill,66167866,,1552363,1,,CreditCard,98.27,79.66,10.75,9.24,3,4.86,0,USD,7.17,3.15,Grand Rapids,US,,,MI,09/27/2026 15:15:01
24839034,GoodwillFinds,5581963065,,7000121769,1,,CreditCard,47.08,27.14,15.34,13.5,3,1.6,0,USD,4.07,1.67,Chicago,US,,,IL,09/27/2026 15:18:45
24839037,Shopgoodwill,66167886,,1001526,2,,CreditCard,140.55,110.43,15.71,,6,8.41,0,USD,9.94,4.38,Madison,US,,,WI,09/27/2026 15:22:26
24839071,Shopgoodwill,66167914,,1455161,1,,PayPal,43.91,29.15,9.77,8.5,3,1.99,0,USD,2.62,1.57,Indianapolis,US,,,IN,09/27/2026 15:22:48
24839088,Shopgoodwill,66167922,,1215943,1,,PayPal,62.41,49.33,10.08,,3,0,0,USD,4.44,2.11,Lansing,US,,,MI,09/27/2026 15:29:31
24839099,Shopgoodwill,66167949,,1854308,1,,ApplePay,60.66,54.4,0,,3,3.26,0,USD,4.9,2.06,Grand Rapids,US,,,MI,09/27/2026 15:29:51
24839135,Shopgoodwill,66167957,,2054613,1,,PayPal,62.05,45.98,10.69,,3,2.38,0,USD,4.14,2.1,Madison,US,,,WI,09/27/2026 15:38:56
24839139,Shopgoodwill,66167965,,2372000,1,,CreditCard,35.62,20.29,10.78,9.49,3,1.55,0,USD,1.83,1.33,Chicago,US,,,IL,09/27/2026 15:39:24
24839168,Shopgoodwill,66167982,,2461453,1,,CreditCard,70.85,55.74,7.89,,3,4.22,0,USD,5.02,2.35,Madison,US,,,WI,09/27/2026 15:39:30
24839198,eBay,12-91989-57188,,shop.19877,1,,CreditCard,31.96,16.44,11.32,9.85,3,1.2,0,USD,3.98,0,Indianapolis,US,,,IN,09/27/2026 15:44:23
24839201,Shopgoodwill,66167996,,1744919,1,,PayPal,45.82,27.12,13.08,11.51,3,1.95,0.67,USD,2.44,1.61,Chicago,US,,,IL,09/27/2026 15:44:28
24839221,Shopgoodwill,66167998,,1005838,1,,ApplePay,233.46,202.88,12.53,,3,15.05,0,USD,18.26,7.07,Madison,US,,,WI,09/27/2026 15:48:16
24839260,Shopgoodwill,66167999,,1762958,1,,PayPal,47.94,30.33,14.61,12.86,3,0,0,USD,2.73,1.69,Chicago,US,,,IL,09/27/2026 15:48:54
24839269,Shopgoodwill,66168008,,2263605,1,,ApplePay,57.98,37.62,14.62,,3,2.74,0,USD,3.39,1.98,Toledo,US,,,OH,09/27/2026 15:58:00
24839292,eBay,12-92023-16923,,hunt_33618,1,,CreditCard,95.38,74.32,12.91,11.1,3,5.15,0,USD,11.86,0,Fort Wayne,US,,,IN,09/27/2026 15:59:54
24839299,Shopgoodwill,66168018,,1009247,1,,ApplePay,64.09,50.05,7.51,,3,3.53,0,USD,4.5,2.16,Louisville,US,,,KY,09/27/2026 16:08:48
24839300,Shopgoodwill,66168024,,2431080,1,,CreditCard,66.85,46.45,13.25,11.53,3,3.51,0.64,USD,4.18,2.22,Indianapolis,US,,,IN,09/27/2026 16:20:16
24839336,Shopgoodwill,66168049,,2632463,1,,CreditCard,60.21,43.37,10.53,,3,3.31,0,USD,3.9,2.05,Madison,US,,,WI,09/27/2026 16:22:03
24839363,Shopgoodwill,66168068,,1946638,1,,PayPal,51.8,34.75,12.01,,3,2.04,0,USD,3.13,1.8,Louisville,US,,,KY,09/27/2026 16:29:23
24839375,eBay,12-92046-17725,,thrift_11850,1,,ApplePay,118.83,95.59,15.05,,3,5.19,0,USD,14.96,0,Madison,US,,,WI,09/27/2026 16:30:12
24839409,GoodwillFinds,5582005990,,7000066569,1,,PayPal,68.44,53.2,8.01,6.89,3,3.92,0.31,USD,7.98,2.28,Fort Wayne,US,,,IN,09/27/2026 16:34:19
24839425,Shopgoodwill,66168097,,2021517,10,,CreditCard,458.69,378.54,25.91,22.28,30,24.24,0,USD,34.07,13.6,Grand Rapids,US,,,MI,09/27/2026 17:02:10
24839461,eBay,12-92046-89443,,resell00073,1,,ApplePay,85.43,70.04,8.1,7.13,3,4.29,0,USD,10.65,0,Chicago,US,,,IL,09/27/2026 17:27:16
24839488,Shopgoodwill,66168113,,1001904,1,,CreditCard,98.76,79.38,11.2,9.97,3,5.18,0,USD,7.14,3.16,Kalamazoo,US,,,MI,09/27/2026 17:27:20
24839503,eBay,12-92060-53368,,find.00065,1,,ApplePay,92.33,76.42,8.83,,3,4.08,0,USD,11.6,0,Lansing,US,,,MI,09/27/2026 17:30:27
24839511,Shopgoodwill,66168128,,2091937,1,,PayPal,87.31,67.71,12.66,10.89,3,3.94,0,USD,6.09,2.83,Fort Wayne,US,,,IN,09/27/2026 17:31:08
24839514,Shopgoodwill,66168149,,2026536,1,,CreditCard,72.14,55.06,11.3,,3,2.78,0,USD,4.96,2.39,Lansing,US,,,MI,09/27/2026 17:35:35
24839529,Shopgoodwill,66168174,,2323154,1,,ApplePay,106.13,85.95,12.54,,3,4.64,0,USD,7.74,3.38,Madison,US,,,WI,09/27/2026 17:37:42
24839549,Shopgoodwill,66168186,,1732515,1,,PayPal,43.47,23.86,14.83,,3,1.78,0,USD,2.15,1.56,Lansing,US,,,MI,09/27/2026 17:49:49
24839583,Shopgoodwill,66168201,,1453089,1,,ApplePay,99.1,78.86,11.1,,3,5.35,0.79,USD,7.1,3.15,Lansing,US,,,MI,09/27/2026 17:53:36
24839617,eBay,12-92083-47538,,collect_24906,1,,CreditCard,85.95,69.07,9.82,,3,4.06,0,USD,10.75,0,Louisville,US,,,KY,09/27/2026 17:54:21
24839649,Shopgoodwill,66168211,,1915411,1,,CreditCard,99.01,82.8,8.45,7.6,3,4.27,0.49,USD,7.45,3.16,Columbus,US,,,OH,09/27/2026 18:16:01
24839651,Shopgoodwill,66168218,,2223733,1,,ApplePay,48.11,28.8,14.49,12.75,3,1.82,0,USD,2.59,1.7,Chicago,US,,,IL,09/27/2026 18:32:31
24839661,Shopgoodwill,66168233,,1004956,1,,CreditCard,279.44,249.25,10.69,,3,16.5,0,USD,22.43,8.4,Toledo,US,,,OH,09/27/2026 18:45:03
24839668,Shopgoodwill,66168255,,1746543,1,,CreditCard,62.84,41.59,15.22,,3,2.43,0.6,USD,3.74,2.1,Toledo,US,,,OH,09/27/2026 19:02:05
24839689,Shopgoodwill,66168268,,2432151,1,,CreditCard,237.07,210.15,8.82,7.76,3,15.1,0,USD,18.91,7.18,Chicago,US,,,IL,09/27/2026 19:02:40
24839725,GoodwillFinds,5582090906,,7000208536,1,,ApplePay,53.3,50.3,0,,3,0,0,USD,7.54,1.85,Indianapolis,US,,,IN,09/27/2026 19:18:25
24839738,Shopgoodwill,66168283,,1859796,1,,PayPal,73.54,57.53,8.76,7.88,3,4.25,0,USD,5.18,2.43,Columbus,US,,,OH,09/27/2026 19:31:43
24839756,eBay,12-92102-55358,,find.00095,2,,ApplePay,304.55,269.82,12.56,,6,16.17,0,USD,37.72,0,Louisville,US,,,KY,09/27/2026 19:32:23
24839773,GoodwillFinds,5582163207,,7000113526,1,,ApplePay,306.27,288.65,14.62,,3,0,0,USD,43.3,9.18,Madison,US,,,WI,09/27/2026 19:35:48
24839784,Shopgoodwill,66168288,,1003472,1,,CreditCard,62.46,48.65,7.91,,3,2.58,0.32,USD,4.38,2.1,Louisville,US,,,KY,09/27/2026 19:36:54
24839807,Shopgoodwill,66168294,,1721462,1,,PayPal,160.35,146.28,11.07,,3,0,0,USD,13.17,4.95,Louisville,US,,,KY,09/27/2026 19:45:59
24839824,Shopgoodwill,66168312,,1564984,1,,CreditCard,119.47,100.61,8.59,,3,7.27,0,USD,9.05,3.76,Louisville,US,,,KY,09/27/2026 19:59:13
24839826,Shopgoodwill,66168313,,1306453,1,,CreditCard,54.11,33.42,15.25,13.12,3,1.77,0.67,USD,3.01,1.85,Fort Wayne,US,,,IN,09/27/2026 20:04:50
24839860,Shopgoodwill,66168324,,1048790,1,,PayPal,41.84,25.5,13.34,11.74,3,0,0,USD,2.3,1.51,Chicago,US,,,IL,09/27/2026 20:06:51
24839865,Shopgoodwill,66168331,,1004179,1,,CreditCard,86.33,69.4,8.67,,3,5.26,0,USD,6.25,2.8,Louisville,US,,,KY,09/27/2026 20:31:35
24839883,Shopgoodwill,66168354,,1601776,1,,CreditCard,36.26,21.33,11.73,10.09,3,0,0.2,USD,1.92,1.35,Grand Rapids,US,,,MI,09/27/2026 20:34:31
24839902,Shopgoodwill,66168373,,2072463,1,,ApplePay,73.29,53.52,13.96,12.42,3,2.81,0,USD,4.82,2.43,Kalamazoo,US,,,MI,09/27/2026 20:44:50
24839905,Shopgoodwill,66168378,,1007455,1,,ApplePay,53.93,39.41,11.52,9.91,3,0,0,USD,3.55,1.86,Grand Rapids,US,,,MI,09/27/2026 20:54:19
24839930,Shopgoodwill,66168396,,2702519,1,,ApplePay,226.92,209.24,14.68,,3,0,0,USD,18.83,6.88,Lansing,US,,,MI,09/27/2026 21:04:50
24839949,eBay,12-92111-02657,,treasure_29601,1,,PayPal,234.02,201,14.28,,3,15.74,0,USD,28.82,0,Toledo,US,,,OH,09/27/2026 21:10:43
24839964,Shopgoodwill,66168424,,2274028,2,,ApplePay,170.17,144.01,12.64,,6,7.52,0,USD,12.96,5.23,Lansing,US,,,MI,09/27/2026 21:53:11
24839986,Shopgoodwill,66168434,,1004347,1,,CreditCard,55.02,37.59,14.43,12.99,3,0,0,USD,3.38,1.9,Columbus,US,,,OH,09/27/2026 22:06:41
24840000,eBay,12-92128-03709,,resell15133,1,,CreditCard,45.71,29.68,11.27,9.69,3,1.76,0,USD,5.73,0,Grand Rapids,US,,,MI,09/27/2026 22:13:03
24840003,Shopgoodwill,66168456,,2337770,1,,ApplePay,43.4,26.15,12.67,10.9,3,1.58,0,USD,2.35,1.56,Fort Wayne,US,,,IN,09/27/2026 22:28:10
24840034,Shopgoodwill,66168474,,1000147,1,,PayPal,60,43.38,10.85,9.66,3,2.77,0,USD,3.9,2.04,Kalamazoo,US,,,MI,09/27/2026 22:29:18
24840049,Shopgoodwill,66168482,,1866166,1,,ApplePay,54,37.82,10.21,,3,2.97,0,USD,3.4,1.87,Louisville,US,,,KY,09/27/2026 22:51:09
24840066,Shopgoodwill,66168495,,1569975,1,,CreditCard,35.81,19.74,11.73,,3,1.34,0,USD,1.78,1.34,Toledo,US,,,OH,09/27/2026 23:03:37
24840093,Shopgoodwill,66168497,,1064547,1,,CreditCard,144.02,121.44,11.78,10.13,3,7.31,0.49,USD,10.93,4.46,Fort Wayne,US,,,IN,09/27/2026 23:11:52
,,,,,,,,15154.83,12671.67,1293.04,,417,764.31,8.81,,,,,,,,,
