Upright Order ID,Channel,Channel Order ID,Secondary Channel,Channel Buyer,Order Item Count,Payment Method,Payment Type,Total,Subtotal,Shipping Total,Shipping Discount,Handling,Tax Total,Donation,Currency,Final Value Fee,Payment Fee,Paid At
24253565,Shopgoodwill,65814847,,gem_4802,1,,PayPal,35.35,20.49,11.86,,3,0,0,USD,,1.33,10/02/2026 04:08:46
24251623,Shopgoodwill,65813256,,shop.8361,1,,ApplePay,42.79,25.76,11.99,,3,2.04,0,USD,,0,10/02/2026 06:17:03
24252247,Shopgoodwill,65813729,,vintage_4474,1,,ApplePay,54.38,37.87,11.18,,3,2.33,0,USD,,0,10/02/2026 06:56:24
24252748,Shopgoodwill,65814164,,shop_5255,1,,CreditCard,42.94,25.58,13.01,,3,1.35,0,USD,,0,10/02/2026 07:02:27
24252899,Shopgoodwill,65814293,,resell_3151,1,,ApplePay,96.54,74.33,13.34,,3,5.87,0,USD,,0,10/02/2026 07:10:03
24251445,Shopgoodwill,65813149,,gem_6775,1,,CreditCard,21.9,10.11,8.17,,3,0.62,0,USD,,0,10/02/2026 08:09:09
24251828,GoodwillFinds,65813437,,collect.9515,1,,ApplePay,50.02,33.49,11.27,,3,2.26,0,USD,,0,10/02/2026 08:25:02
24252676,Shopgoodwill,65814122,,collect1999,1,,CreditCard,72.35,57.23,8.18,,3,3.94,0,USD,,0,10/02/2026 08:41:38
24252562,Shopgoodwill,65814023,,thrift.7335,1,,ApplePay,97.84,81.42,8.49,,3,4.93,0,USD,,0,10/02/2026 08:49:52
24252155,Shopgoodwill,65813678,,shop.7082,1,,CreditCard,46.2,31.75,8.97,,3,2.48,0,USD,,0,10/02/2026 09:02:18
24251742,Shopgoodwill,65813343,,deal1637,1,,CreditCard,53.76,37.21,10.92,,3,2.63,0,USD,,0,10/02/2026 09:44:58
24251611,Shopgoodwill,65813232,,treasure5693,1,,PayPal,54.07,35.86,12.73,,3,2.48,0,USD,,1.87,10/02/2026 09:47:22
24252640,Shopgoodwill,65814083,,gem.8392,3,,PayPal,127.89,111.11,7.78,,9,0,0,USD,,4.01,10/02/2026 09:51:20
24253091,eBay,24-21405-17287,,thrift_1537,1,,CreditCard,53.16,33.04,14.7,,3,2.42,0,USD,4.38,0,10/02/2026 10:11:07
24252845,Shopgoodwill,65814252,,deal.5186,1,,PayPal,52.25,33.67,13.61,,3,1.97,0,USD,,1.82,10/02/2026 10:21:26
24252090,Shopgoodwill,65813603,,treasure32,1,,CreditCard,35.35,17.08,14.36,,3,0.91,0,USD,,0,10/02/2026 10:22:08
24252348,eBay,22-70812-36868,,resell_4801,1,,CreditCard,150.87,132.58,8.45,,3,6.84,0,USD,17.57,0,10/02/2026 10:34:14
24253043,Shopgoodwill,65814379,,vintage_5065,1,,CreditCard,26.73,14.92,7.76,,3,1.05,0,USD,,0,10/02/2026 10:37:58
24251669,Shopgoodwill,65813294,,shop_1801,1,,ApplePay,76,53.88,15.4,,3,3.72,0,USD,,0,10/02/2026 10:50:24
24251661,Shopgoodwill,65813266,,thrift.1548,1,,ApplePay,26.32,8.31,15.01,,3,0,0,USD,,0,10/02/2026 10:51:15
24253616,eBay,19-29190-78886,,thrift_5665,1,,ApplePay,216.92,184.3,14.95,,3,14.67,0,USD,24.42,0,10/02/2026 10:52:28
24251705,Shopgoodwill,65813321,,find6221,2,,CreditCard,118.03,91.97,14.47,,6,5.59,0,USD,,0,10/02/2026 10:52:45
24253311,Shopgoodwill,65814616,,thrift.2968,1,,CreditCard,36.95,21.11,11.65,,3,1.19,0,USD,,0,10/02/2026 10:55:56
24253574,Shopgoodwill,65814850,,vintage1371,1,,ApplePay,54.56,38.91,9.9,,3,2.75,0,USD,,0,10/02/2026 11:07:59
24251426,Shopgoodwill,65813145,,deal.3941,3,,CreditCard,1147.48,1050.33,12,,9,76.15,0,USD,,0,10/02/2026 11:19:01
24253143,Shopgoodwill,65814475,,deal.3941,1,,ApplePay,48.75,31.93,11.6,,3,2.22,0,USD,,0,10/02/2026 11:24:48
24252163,Shopgoodwill,65813679,,collect_1876,1,,PayPal,92.45,75.82,8.11,,3,5.52,0,USD,,2.98,10/02/2026 11:28:57
24251766,Shopgoodwill,65813368,,resell.7232,1,,PayPal,106.23,89.74,8.82,,3,4.67,0,USD,,3.38,10/02/2026 11:37:35
24252980,Shopgoodwill,65814331,,resell.9628,1,,CreditCard,39.17,26.19,9.98,,3,0,0,USD,,0,10/02/2026 11:45:09
24252398,Shopgoodwill,65813855,,thrift_8002,1,,ApplePay,79.37,65.19,7.57,,3,3.61,0,USD,,0,10/02/2026 11:48:28
24253027,Shopgoodwill,65814363,,find_2041,1,,ApplePay,121.26,98.85,12.79,,3,6.62,0,USD,,0,10/02/2026 11:49:13
24252018,Shopgoodwill,65813545,,thrift.7335,1,,PayPal,86.05,74.68,8.37,,3,0,0,USD,,2.8,10/02/2026 11:52:03
24253399,Shopgoodwill,65814692,,find_6989,1,,CreditCard,92.11,75.49,9.16,,3,4.46,0,USD,,0,10/02/2026 12:10:05
24253053,Shopgoodwill,65814402,,resell7129,1,,ApplePay,38.2,18.84,15.28,,3,1.08,0,USD,,0,10/02/2026 12:18:04
24253467,Shopgoodwill,65814731,,treasure4071,1,,PayPal,223.79,194.86,14.55,,3,11.38,0,USD,,6.79,10/02/2026 12:20:38
24252485,Shopgoodwill,65813960,,gem_3375,1,,PayPal,80.54,60.78,13.04,,3,3.72,0,USD,,2.64,10/02/2026 12:34:29
24252939,Shopgoodwill,65814309,,gem321,1,,ApplePay,49.72,31.46,13.19,,3,2.07,0,USD,,0,10/02/2026 12:36:58
24252064,GoodwillFinds,65813585,,deal2736,1,,ApplePay,59,44.05,8.86,,3,3.09,0,USD,,0,10/02/2026 12:54:34
24253346,Shopgoodwill,65814636,,treasure.3659,1,,PayPal,84.6,62.31,14.75,,3,4.54,0,USD,,2.75,10/02/2026 12:56:18
24252001,Shopgoodwill,65813544,,resell7391,1,,ApplePay,39.18,22.73,12.1,,3,1.35,0,USD,,0,10/02/2026 13:03:39
24252363,Shopgoodwill,65813811,,deal.7082,1,,CreditCard,60.86,41.66,13.88,,3,2.32,0,USD,,0,10/02/2026 13:17:54
24252648,eBay,16-94906-45307,,find_2749,1,,ApplePay,63.42,45.2,12.54,,3,2.68,0,USD,5.99,0,10/02/2026 13:20:17
24253305,Shopgoodwill,65814605,,deal_2946,1,,ApplePay,22.81,9.1,10.04,,3,0.67,0,USD,,0,10/02/2026 13:23:37
24252337,Shopgoodwill,65813770,,resell5770,3,,ApplePay,281.48,242.76,11.29,,9,18.43,0,USD,,0,10/02/2026 13:31:12
24252270,Shopgoodwill,65813735,,find_3094,1,,CreditCard,50.81,38.82,8.99,,3,0,0,USD,,0,10/02/2026 13:34:14
24252117,Shopgoodwill,65813635,,treasure1759,1,,PayPal,41.79,36.35,0,,3,2.44,0,USD,,1.51,10/02/2026 13:34:24
24252598,Shopgoodwill,65814045,,deal.9567,1,,PayPal,36.18,19.84,12.01,,3,1.33,0,USD,,1.35,10/02/2026 13:43:43
24252437,Shopgoodwill,65813871,,hunt_2057,1,,PayPal,56.09,44.85,8.24,,3,0,0,USD,,1.93,10/02/2026 13:44:07
24252178,Shopgoodwill,65813698,,shop.8064,1,,ApplePay,162.88,139.77,9.68,,3,10.43,0,USD,,0,10/02/2026 13:48:48
24252498,Shopgoodwill,65813978,,deal.5991,1,,ApplePay,58.86,39.72,13.23,,3,2.91,0,USD,,0,10/02/2026 13:50:24
24253465,eBay,27-10140-24912,,shop9206,1,,PayPal,85.3,63.57,13.8,,3,4.93,0,USD,8.42,2.77,10/02/2026 13:54:49
24253523,Shopgoodwill,65814785,,shop.8026,1,,ApplePay,41.26,26.6,10.15,,3,1.51,0,USD,,0,10/02/2026 14:05:19
24252442,Shopgoodwill,65813879,,find_3740,1,,ApplePay,34.98,23.46,8.52,,3,0,0,USD,,0,10/02/2026 14:12:14
24251536,Shopgoodwill,65813197,,find4949,1,,CreditCard,61.15,41.38,14,,3,2.77,0,USD,,0,10/02/2026 14:23:00
24252783,Shopgoodwill,65814199,,thrift.3460,1,,ApplePay,58.15,43.38,8.56,,3,3.21,0,USD,,0,10/02/2026 14:27:44
24251739,Shopgoodwill,65813339,,treasure.6981,1,,CreditCard,41.19,26.8,9.73,,3,1.66,0,USD,,0,10/02/2026 14:28:16
24251941,eBay,22-93789-84217,,vintage.8036,1,,CreditCard,95.01,72.86,14.16,,3,4.99,0,USD,9.65,0,10/02/2026 14:28:56
24253361,Shopgoodwill,65814640,,resell4833,1,,PayPal,63.27,46.35,10.97,,3,2.95,0,USD,,2.13,10/02/2026 14:29:10
24251928,Shopgoodwill,65813488,,hunt_9791,1,,CreditCard,53.51,50.51,0,,3,0,0,USD,,0,10/02/2026 14:40:29
24251776,Shopgoodwill,65813381,,deal6262,2,,CreditCard,290.6,257.99,13.25,,6,13.36,0,USD,,0,10/02/2026 14:55:22
24252761,eBay,15-72988-67244,,vintage_6967,1,,PayPal,87.17,66.53,12.49,,3,5.15,0,USD,8.82,2.83,10/02/2026 14:59:39
24252154,Shopgoodwill,65813652,,treasure.8665,10,,ApplePay,1063.13,1023.35,9.78,,30,0,0,USD,,0,10/02/2026 15:04:11
24252865,Shopgoodwill,65814265,,gem_2158,1,,CreditCard,60.47,42.4,12.56,,3,2.51,0,USD,,0,10/02/2026 15:08:58
24251467,GoodwillFinds,65813171,,collect3215,1,,ApplePay,61.55,40.26,15.13,,3,3.16,0,USD,,0,10/02/2026 15:15:57
24251411,Shopgoodwill,65813143,,vintage_8593,1,,ApplePay,182.81,156.69,13.37,,3,9.75,0,USD,,0,10/02/2026 15:34:05
24253272,Shopgoodwill,65814569,,deal3062,1,,CreditCard,264.65,231.8,14.32,,3,15.53,0,USD,,0,10/02/2026 15:35:54
24251920,Shopgoodwill,65813478,,deal1790,1,,CreditCard,62.72,48.39,7.54,,3,3.79,0,USD,,0,10/02/2026 15:43:39
24252934,Shopgoodwill,65814307,,thrift5037,1,,ApplePay,96.21,75.3,13.5,,3,4.41,0,USD,,0,10/02/2026 15:48:12
24253109,Shopgoodwill,65814469,,treasure5208,1,,PayPal,59.23,43.07,9.79,,3,3.37,0,USD,,2.02,10/02/2026 16:01:20
24251865,Shopgoodwill,65813442,,collect.6092,1,,CreditCard,83.11,62.88,13.9,,3,3.33,0,USD,,0,10/02/2026 16:04:40
24252300,Shopgoodwill,65813762,,shop_1529,1,,ApplePay,43.27,24.85,13.76,,3,1.66,0,USD,,0,10/02/2026 16:07:05
24251881,Shopgoodwill,65813454,,hunt.2282,1,,ApplePay,109.62,93.66,12.96,,3,0,0,USD,,0,10/02/2026 16:25:51
24252524,GoodwillFinds,65814019,,hunt2616,1,,CreditCard,28.99,11.02,14.11,,3,0.86,0,USD,,0,10/02/2026 16:31:08
24251558,GoodwillFinds,65813208,,hunt.8494,2,,PayPal,220.54,185.64,14.75,,6,14.15,0,USD,,6.7,10/02/2026 16:44:43
24253199,Shopgoodwill,65814505,,hunt_6061,1,,ApplePay,59.58,42.32,11.11,,3,3.15,0,USD,,0,10/02/2026 16:47:51
24253536,Shopgoodwill,65814809,,hunt_2990,1,,ApplePay,63.46,45.87,11.81,,3,2.78,0,USD,,0,10/02/2026 16:50:16
24251800,Shopgoodwill,65813405,,deal6432,1,,CreditCard,46.4,30.97,12.43,,3,0,0,USD,,0,10/02/2026 16:53:40
24253288,GoodwillFinds,65814591,,treasure_8225,1,,CreditCard,61.1,43.66,12.21,,3,2.23,0,USD,,0,10/02/2026 17:00:00
24251996,Shopgoodwill,65813539,,find_2193,1,,CreditCard,48.93,33.41,9.92,,3,2.6,0,USD,,0,10/02/2026 17:02:31
24253204,Shopgoodwill,65814533,,gem.2807,1,,CreditCard,38.69,23.93,10.12,,3,1.64,0,USD,,0,10/02/2026 17:02:34
24252712,Shopgoodwill,65814140,,thrift.5073,1,,PayPal,35.55,18.86,12.19,,3,1.5,0,USD,,1.33,10/02/2026 17:03:59
24252209,Shopgoodwill,65813722,,thrift3443,1,,PayPal,68.48,49.54,12.01,,3,3.93,0,USD,,2.29,10/02/2026 17:16:49
24252302,Shopgoodwill,65813763,,thrift_1009,1,,PayPal,62.55,48.26,8.25,,3,3.04,0,USD,,2.11,10/02/2026 17:20:46
24252624,Shopgoodwill,65814062,,treasure.5852,1,,PayPal,38.02,23.75,9.52,,3,1.75,0,USD,,1.4,10/02/2026 17:24:05
24253500,Shopgoodwill,65814759,,thrift_4492,1,,CreditCard,65.21,44.18,15.3,,3,2.73,0,USD,,0,10/02/2026 17:30:00
24251501,Shopgoodwill,65813190,,find.939,1,,CreditCard,43.89,24.82,14.43,,3,1.64,0,USD,,0,10/02/2026 17:32:13
24252514,eBay,10-83032-26207,,collect.6626,1,,CreditCard,106.74,89.94,8.29,,3,5.51,0,USD,11.92,0,10/02/2026 17:37:11
24252445,Shopgoodwill,65813906,,deal.5344,1,,CreditCard,90.03,68.08,15.01,,3,3.94,0,USD,,0,10/02/2026 17:55:16
24252356,Shopgoodwill,65813783,,thrift.9161,1,,PayPal,60.72,40.69,14.15,,3,2.88,0,USD,,2.06,10/02/2026 17:58:47
24251616,Shopgoodwill,65813233,,hunt.7167,1,,ApplePay,59.67,42.09,11.71,,3,2.87,0,USD,,0,10/02/2026 18:00:08
24252032,Shopgoodwill,65813558,,treasure.7098,1,,CreditCard,92.95,72.63,11.69,,3,5.63,0,USD,,0,10/02/2026 18:02:40
24253593,Shopgoodwill,65814858,,shop_5108,1,,CreditCard,61.06,42.15,13.48,,3,2.43,0,USD,,0,10/02/2026 18:26:37
24253087,eBay,12-17485-34520,,collect.9591,1,,ApplePay,41.64,28.15,8.94,,3,1.55,0,USD,3.73,0,10/02/2026 18:27:05
24252394,Shopgoodwill,65813828,,hunt.9642,1,,ApplePay,40.79,26.69,9.6,,3,1.5,0,USD,,0,10/02/2026 18:37:01
24253365,GoodwillFinds,65814667,,deal_3376,4,,CreditCard,233.09,194.97,14.34,,12,11.78,0,USD,,0,10/02/2026 18:44:38
24251738,Shopgoodwill,65813328,,deal.320,2,,CreditCard,100.81,81.69,8.77,,6,4.35,0,USD,,0,10/02/2026 18:49:54
24253178,Shopgoodwill,65814494,,vintage1590,1,,PayPal,111,88.24,14.91,,3,4.85,0,USD,,3.52,10/02/2026 18:53:27
24251808,Shopgoodwill,65813429,,find_3848,1,,CreditCard,161.6,142.12,9.23,,3,7.25,0,USD,,0,10/02/2026 19:37:47
24252809,Shopgoodwill,65814227,,find7945,1,,ApplePay,72.53,52.45,12.89,,3,4.19,0,USD,,0,10/02/2026 19:46:58
24252450,Shopgoodwill,65813933,,shop_7213,1,,PayPal,67.77,48.94,12.04,,3,3.79,0,USD,,2.27,10/02/2026 19:54:32
24253554,eBay,22-35668-54413,,collect1072,1,,CreditCard,40.62,23.33,13.07,,3,1.22,0,USD,3.09,0,10/02/2026 20:05:24
24253233,Shopgoodwill,65814556,,shop_9526,1,,CreditCard,33.87,15.79,14.27,,3,0.81,0,USD,,0,10/02/2026 20:13:53
24251974,Shopgoodwill,65813519,,gem.7084,1,,PayPal,144.67,119.98,14.08,,3,7.61,0,USD,,4.5,10/02/2026 20:17:51
24252948,eBay,20-84149-60545,,hunt3721,1,,CreditCard,223.99,201.33,9.41,,3,10.25,0,USD,26.68,0,10/02/2026 20:23:30
24251589,Shopgoodwill,65813226,,shop_6078,1,,CreditCard,282.1,253.41,7.62,,3,18.07,0,USD,,0,10/02/2026 21:05:25
24253623,eBay,17-88623-53773,,shop.5937,1,,ApplePay,35.33,24.18,8.15,,3,0,0,USD,3.2,0,10/02/2026 21:33:08
24253046,Shopgoodwill,65814400,,find.6845,1,,ApplePay,41.04,21.34,15.25,,3,1.45,0,USD,,0,10/02/2026 21:45:12
24252698,Shopgoodwill,65814126,,collect_3158,1,,ApplePay,96.86,78.14,9.92,,3,5.8,0,USD,,0,10/02/2026 21:57:40
24253438,Shopgoodwill,65814695,,thrift.9813,1,,ApplePay,58.7,41.12,11.32,,3,3.26,0,USD,,0,10/02/2026 22:10:40
24253018,Shopgoodwill,65814356,,treasure.2626,1,,PayPal,38.84,22.48,11.58,,3,1.78,0,USD,,1.43,10/02/2026 22:11:26
24253512,Shopgoodwill,65814760,,deal.3702,1,,ApplePay,426.94,391.9,8.09,,3,23.95,0,USD,,0,10/02/2026 22:14:38
24253398,GoodwillFinds,65814671,,gem8633,1,,CreditCard,48.85,28.47,15.34,,3,2.04,0,USD,,0,10/02/2026 22:34:51
24252060,Shopgoodwill,65813562,,vintage9428,1,,ApplePay,34.5,20.44,9.95,,3,1.11,0,USD,,0,10/02/2026 22:55:50
24252113,Shopgoodwill,65813617,,treasure.7293,1,,CreditCard,63.09,46.38,13.71,,3,0,0,USD,,0,10/02/2026 23:07:34
24253323,Shopgoodwill,65814617,,vintage79,1,,CreditCard,352.04,317.39,9.94,,3,21.71,0,USD,,0,10/02/2026 23:44:32
,,,,,,,,,9706.12,1315.37,,,,,,,,
