Upright Order ID,Channel,Channel Order ID,Secondary Channel,Channel Buyer,Order Item Count,Payment Method,Payment Type,Total,Sub Total,Shipping Total,Shipping Discount,Handling,Tax Total,Donation,Currency,Final Value Fee,Payment Fee,Paid At
24851488,eBay,12-93185-70326,,gem00109,10,,ApplePay,845.83,744.5,21.67,,30,49.66,0,USD,101.82,0,10/03/2026 07:35:11
24851500,Shopgoodwill,66175722,,1866138,10,,CreditCard,946.91,830.03,23.16,,30,63.72,0,USD,74.7,27.76,10/03/2026 09:48:29
24851530,Shopgoodwill,66175748,,2659308,1,,PayPal,53.2,38.68,11.52,,3,0,0,USD,3.48,1.84,10/03/2026 10:06:31
24851566,GoodwillFinds,5583207648,,7000052286,1,,ApplePay,39.37,21.49,13.44,,3,1.44,0,USD,3.22,1.44,10/03/2026 10:08:24
24851594,Shopgoodwill,66175774,,1008169,1,,CreditCard,161.37,136.37,13.54,,3,8.46,0,USD,12.27,4.98,10/03/2026 10:08:25
24851622,Shopgoodwill,66175792,,1573328,1,,CreditCard,54.33,39.93,8.67,,3,2.73,0,USD,3.59,1.88,10/03/2026 10:45:12
24851646,Shopgoodwill,66175798,,1344701,1,,PayPal,110.65,89.71,12.22,,3,5.72,0,USD,8.07,3.51,10/03/2026 10:49:35
24851676,Shopgoodwill,66175806,,1001771,1,,ApplePay,172.77,151.41,9.05,,3,9.31,0,USD,13.63,5.31,10/03/2026 11:04:44
24851691,Shopgoodwill,66175828,,1276878,1,,ApplePay,41.06,23.51,13.13,,3,1.42,0,USD,2.12,1.49,10/03/2026 11:19:39
24851724,Shopgoodwill,66175848,,2365847,1,,ApplePay,85.75,63.53,15.03,,3,4.19,0,USD,5.72,2.79,10/03/2026 11:22:20
24851745,Shopgoodwill,66175862,,1120939,1,,PayPal,73.63,57.29,9.76,,3,3.58,0,USD,5.16,2.44,10/03/2026 11:22:48
24851756,GoodwillFinds,5583244435,,7000014359,1,,PayPal,58.41,43.84,8.76,,3,2.81,0,USD,6.58,1.99,10/03/2026 11:38:36
24851787,Shopgoodwill,66175872,,2556534,1,,ApplePay,39.24,22.37,12.61,,3,1.26,0,USD,2.01,1.44,10/03/2026 11:39:17
24851811,Shopgoodwill,66175887,,2075102,1,,CreditCard,65.73,44.78,15.11,,3,2.84,0,USD,4.03,2.21,10/03/2026 11:40:53
24851827,Shopgoodwill,66175893,,2348648,1,,PayPal,156.46,135.23,9.02,,3,9.21,0,USD,12.17,4.84,10/03/2026 11:41:51
24851850,Shopgoodwill,66175909,,1003178,2,,PayPal,68.29,42.42,16.99,,6,2.88,0,USD,3.82,2.28,10/03/2026 11:46:00
24851862,Shopgoodwill,66175913,,2479842,1,,CreditCard,109.15,91.49,9.41,,3,5.25,0,USD,8.23,3.47,10/03/2026 11:49:43
24851870,GoodwillFinds,5583322537,,7000163283,1,,CreditCard,395.59,358.11,12.54,,3,21.94,0,USD,53.72,11.77,10/03/2026 11:53:43
24851904,Shopgoodwill,66175919,,1382214,1,,CreditCard,102.13,82.85,10.07,,3,6.21,0,USD,7.46,3.26,10/03/2026 11:55:30
24851925,eBay,12-93233-76431,,thrift15280,1,,PayPal,58.55,42.84,9.57,,3,3.14,0,USD,7.24,0,10/03/2026 11:59:33
24851958,eBay,12-93251-37176,,deal23014,1,,PayPal,79.5,63.88,9.19,,3,3.43,0,USD,9.98,0,10/03/2026 12:03:03
24851962,eBay,12-93255-46545,,find.11165,1,,ApplePay,177.19,150.64,14.97,,3,8.58,0,USD,22.24,0,10/03/2026 12:13:55
24851977,Shopgoodwill,66175922,,1078239,3,,CreditCard,312.99,271.65,18.2,,9,14.14,0,USD,24.45,9.38,10/03/2026 12:25:40
24851984,Shopgoodwill,66175937,,1090909,1,,CreditCard,28.59,10.63,14.16,,3,0.8,0,USD,0.96,1.13,10/03/2026 12:30:06
24851998,eBay,12-93257-46838,,thrift28870,1,,ApplePay,46.79,33.54,10.25,,3,0,0,USD,6.1,0,10/03/2026 12:31:29
24852031,GoodwillFinds,5583335889,,7000157699,1,,ApplePay,79.55,59.9,13.07,,3,3.58,0,USD,8.98,2.61,10/03/2026 12:36:21
24852057,Shopgoodwill,66175949,,1575785,1,,CreditCard,55.78,38.82,11.5,,3,2.46,0,USD,3.49,1.92,10/03/2026 12:37:37
24852060,Shopgoodwill,66175967,,2468873,1,,ApplePay,99.36,83.15,8.78,,3,4.43,0,USD,7.48,3.18,10/03/2026 12:39:30
24852089,Shopgoodwill,66175996,,2061739,1,,CreditCard,65.68,46.04,12.97,,3,3.67,0,USD,4.14,2.2,10/03/2026 12:40:42
24852104,Shopgoodwill,66176012,,2105811,3,,CreditCard,141.75,114.3,18.45,,9,0,0,USD,10.29,4.41,10/03/2026 12:50:47
24852124,GoodwillFinds,5583376644,,7000251971,1,,ApplePay,52.65,38.93,7.72,,3,3,0,USD,5.84,1.83,10/03/2026 12:54:04
24852160,Shopgoodwill,66176037,,2056342,1,,CreditCard,47.77,33.31,11.46,,3,0,0,USD,3,1.69,10/03/2026 13:08:56
24852174,Shopgoodwill,66176051,,1987910,1,,ApplePay,168.07,141.18,14.93,,3,8.96,0,USD,12.71,5.17,10/03/2026 13:28:42
24852213,Shopgoodwill,66176058,,1787983,1,,ApplePay,323.29,287.79,12.05,,3,20.45,0,USD,25.9,9.68,10/03/2026 13:32:22
24852227,eBay,12-93298-05347,,treasure31951,1,,CreditCard,138.22,120.24,7.52,,3,7.46,0,USD,17.23,0,10/03/2026 13:41:40
24852242,Shopgoodwill,66176070,,1602231,1,,CreditCard,52.46,37.91,8.7,,3,2.85,0,USD,3.41,1.82,10/03/2026 13:55:02
24852266,Shopgoodwill,66176092,,2259692,1,,ApplePay,38.78,23.65,10.89,,3,1.24,0,USD,2.13,1.42,10/03/2026 13:55:29
24852270,Shopgoodwill,66176107,,1237398,1,,PayPal,94.57,78.11,8.5,,3,4.96,0,USD,7.03,3.04,10/03/2026 13:56:14
24852283,eBay,12-93312-03730,,find_00525,1,,CreditCard,34.8,20.57,9.84,,3,1.39,0,USD,4.33,0,10/03/2026 13:57:42
24852300,Shopgoodwill,66176133,,1513072,1,,ApplePay,58.85,38.14,15.13,,3,2.58,0,USD,3.43,2.01,10/03/2026 14:03:52
24852317,Shopgoodwill,66176136,,1009310,1,,ApplePay,73.46,61.53,8.93,,3,0,0,USD,5.54,2.43,10/03/2026 14:08:06
24852323,eBay,12-93332-21804,,shop_00177,1,,CreditCard,45.67,28.13,12.8,,3,1.74,0,USD,5.72,0,10/03/2026 14:50:01
24852326,Shopgoodwill,66176161,,1861343,10,,CreditCard,561.98,473.47,24.55,,30,33.96,0,USD,42.61,16.6,10/03/2026 15:00:02
24852360,Shopgoodwill,66176177,,1000182,1,,ApplePay,73.01,51.29,15.28,,3,3.44,0,USD,4.62,2.42,10/03/2026 15:04:56
24852391,Shopgoodwill,66176184,,1337337,1,,CreditCard,91.54,70.15,14.65,,3,3.74,0,USD,6.31,2.95,10/03/2026 15:15:57
24852427,Shopgoodwill,66176188,,1056539,1,,ApplePay,309.77,277.08,11.63,,3,18.06,0,USD,24.94,9.28,10/03/2026 15:17:58
24852458,Shopgoodwill,66176209,,1001834,1,,PayPal,346.29,310.5,14.64,,3,18.15,0,USD,27.94,10.34,10/03/2026 15:22:39
24852470,Shopgoodwill,66176235,,1421603,1,,CreditCard,80.26,64.77,8.39,,3,4.1,0,USD,5.83,2.63,10/03/2026 15:23:12
24852508,Shopgoodwill,66176236,,1003395,1,,ApplePay,30.07,15.81,10.33,,3,0.93,0,USD,1.42,1.17,10/03/2026 15:42:06
24852540,Shopgoodwill,66176258,,1175805,2,,ApplePay,119.26,89.87,16.29,,6,7.1,0,USD,8.09,3.76,10/03/2026 15:49:07
24852323,eBay,12-93332-21804,,shop_00177,1,,CreditCard,45.67,28.13,12.8,,3,1.74,0,USD,5.72,0,10/03/2026 14:50:01
24852545,Shopgoodwill,66176260,,2214269,1,,PayPal,34.06,22.32,7.56,,3,1.18,0,USD,2.01,1.29,10/03/2026 15:51:29
24852546,Shopgoodwill,66176288,,1482279,1,,ApplePay,109.86,92.53,7.92,,3,6.41,0,USD,8.33,3.49,10/03/2026 15:52:00
24852556,Shopgoodwill,66176301,,2354304,1,,ApplePay,74.4,58.93,9.38,,3,3.09,0,USD,5.3,2.46,10/03/2026 15:57:53
24852588,Shopgoodwill,66176315,,1006335,1,,ApplePay,62.01,43.38,12.21,,3,3.42,0,USD,3.9,2.1,10/03/2026 16:09:23
24852610,Shopgoodwill,66176337,,2604141,1,,CreditCard,35.1,21.91,8.49,,3,1.7,0,USD,1.97,1.32,10/03/2026 16:11:55
24852629,Shopgoodwill,66176360,,1635768,1,,PayPal,46.21,28,15.21,,3,0,0,USD,2.52,1.64,10/03/2026 16:21:03
24852636,Shopgoodwill,66176373,,2236865,1,,CreditCard,56.23,38.66,12.1,,3,2.47,0,USD,3.48,1.93,10/03/2026 16:22:50
24852674,Shopgoodwill,66176397,,2297569,1,,ApplePay,58.76,44.22,8.83,,3,2.71,0,USD,3.98,2,10/03/2026 16:29:51
24852682,Shopgoodwill,66176416,,1808682,1,,CreditCard,157.79,134.18,13.65,,3,6.96,0,USD,12.08,4.88,10/03/2026 16:34:26
24852718,Shopgoodwill,66176421,,2476699,1,,ApplePay,44.3,28.25,11.39,,3,1.66,0,USD,2.54,1.58,10/03/2026 16:35:23
24852738,Shopgoodwill,66176442,,1412790,1,,CreditCard,67.95,48.17,13.1,,3,3.68,0,USD,4.34,2.27,10/03/2026 16:41:03
24852742,GoodwillFinds,5583453109,,7000149890,4,,CreditCard,346.38,318.26,16.12,,12,0,0,USD,47.74,10.35,10/03/2026 16:42:04
24852772,Shopgoodwill,66176454,,1122192,1,,ApplePay,51.96,33.12,13.71,,3,2.13,0,USD,2.98,1.81,10/03/2026 16:42:20
24852773,Shopgoodwill,66176483,,1629622,1,,CreditCard,52.51,34.95,12.16,,3,2.4,0,USD,3.15,1.82,10/03/2026 16:44:37
24852798,Shopgoodwill,66176489,,2045422,1,,CreditCard,53.36,33.83,14.7,,3,1.83,0,USD,3.04,1.85,10/03/2026 16:45:52
24852814,Shopgoodwill,66176498,,1424606,1,,ApplePay,76.93,61.5,8.89,,3,3.54,0,USD,5.54,2.53,10/03/2026 16:50:02
24852841,Shopgoodwill,66176517,,2263080,2,,ApplePay,364.86,325.41,12.91,,6,20.54,0,USD,29.29,10.88,10/03/2026 16:58:53
24852849,Shopgoodwill,66176518,,2349894,1,,CreditCard,190.38,162.38,12.87,,3,12.13,0,USD,14.61,5.82,10/03/2026 17:05:27
24852881,Shopgoodwill,66176534,,2567622,1,,PayPal,308.27,276.98,10.14,,3,18.15,0,USD,24.93,9.24,10/03/2026 17:15:16
24852892,Shopgoodwill,66176535,,2061529,1,,ApplePay,65.52,51.71,7.9,,3,2.91,0,USD,4.65,2.2,10/03/2026 17:41:32
24852904,Shopgoodwill,66176560,,1344127,1,,CreditCard,92.96,71.82,13.2,,3,4.94,0,USD,6.46,3,10/03/2026 17:47:18
24852942,Shopgoodwill,66176573,,1006566,1,,PayPal,74.59,55.49,12.92,,3,3.18,0,USD,4.99,2.46,10/03/2026 17:52:22
24852972,Shopgoodwill,66176595,,1662809,1,,ApplePay,66.01,51.14,8.92,,3,2.95,0,USD,4.6,2.21,10/03/2026 17:53:45
24853002,Shopgoodwill,66176614,,1003619,1,,ApplePay,92.37,76.3,8.28,,3,4.79,0,USD,6.87,2.98,10/03/2026 17:57:22
24853031,Shopgoodwill,66176631,,2070412,1,,ApplePay,73.53,60.57,9.96,,3,0,0,USD,5.45,2.43,10/03/2026 18:01:31
24853061,Shopgoodwill,66176649,,1170002,1,,CreditCard,39.98,21.91,13.72,,3,1.35,0,USD,1.97,1.46,10/03/2026 18:02:54
24853091,Shopgoodwill,66176655,,1688184,1,,ApplePay,81.34,66.25,7.66,,3,4.43,0,USD,5.96,2.66,10/03/2026 18:06:30
24853128,Shopgoodwill,66176664,,1005278,1,,PayPal,275.91,245.06,14.53,,3,13.32,0,USD,22.06,8.3,10/03/2026 18:08:10
24853164,Shopgoodwill,66176688,,2195194,1,,PayPal,34.9,16.59,14.3,,3,1.01,0,USD,1.49,1.31,10/03/2026 18:09:57
24853176,Shopgoodwill,66176690,,1784462,1,,CreditCard,93.87,78.22,8.32,,3,4.33,0,USD,7.04,3.02,10/03/2026 18:13:08
24853207,Shopgoodwill,66176696,,2402835,1,,ApplePay,59.26,41.71,11.54,,3,3.01,0,USD,3.75,2.02,10/03/2026 18:21:49
24853222,Shopgoodwill,66176714,,1168546,2,,ApplePay,176.05,146.72,15.09,,6,8.24,0,USD,13.2,5.41,10/03/2026 18:35:22
24851925,eBay,12-93233-76431,,thrift15280,1,,PayPal,58.55,42.84,9.57,,3,3.14,0,USD,7.24,0,10/03/2026 11:59:33
24853226,Shopgoodwill,66176732,,1000693,1,,CreditCard,113.72,94.41,11.45,,3,4.86,0,USD,8.5,3.6,10/03/2026 18:40:00
24853241,Shopgoodwill,66176736,,1625499,1,,CreditCard,58.1,42.68,10.27,,3,2.15,0,USD,3.84,1.98,10/03/2026 18:44:19
,,,,,,,,,9193.89,1042.81,,,,,,,,
