Upright Order ID,Channel,Channel Order ID,Secondary Channel,Channel Buyer,Order Item Count,Payment Method,Payment Type,Total,Subtotal,Shipping Total,Shipping Discount,Handling,Tax Total,Donation,Currency,Final Value Fee,Payment Fee,Paid At
24799835.0,Shopgoodwill,66142957,,1558012,1.0,,PayPal,32.4,16.04,12.11,,3.0,1.25,0.0,USD,1.44,1.24,09/07/2026 21:05:19
24799874.0,Shopgoodwill,66142975,,1883302,1.0,,CreditCard,87.83,71.4,9.17,,3.0,4.26,0.0,USD,6.43,2.85,09/07/2026 21:15:03
24799884.0,Shopgoodwill,66142988,,1907585,1.0,,CreditCard,33.87,21.0,8.44,,3.0,1.43,0.0,USD,1.89,1.28,09/07/2026 21:22:11
24799900.0,Shopgoodwill,66142995,,2220520,1.0,,ApplePay,143.3,119.13,14.48,,3.0,6.69,0.0,USD,10.72,4.46,09/07/2026 21:31:47
24799905.0,Shopgoodwill,66143019,,1117019,1.0,,CreditCard,112.5,95.68,13.82,,3.0,0.0,0.0,USD,8.61,3.56,09/07/2026 21:35:02
24799924.0,Shopgoodwill,66143041,,1001848,2.0,,PayPal,107.06,80.23,16.59,,6.0,4.24,0.0,USD,7.22,3.4,09/07/2026 23:05:49
24799931.0,Shopgoodwill,66143065,,2102493,1.0,,ApplePay,109.74,86.93,14.74,,3.0,5.07,0.0,USD,7.82,3.48,09/07/2026 23:14:04
24799952.0,Shopgoodwill,66143068,,1001967,1.0,,PayPal,46.94,28.93,13.32,,3.0,1.69,0.0,USD,2.6,1.66,09/07/2026 23:16:34
24799953.0,Shopgoodwill,66143085,,2028979,1.0,,CreditCard,34.86,21.01,9.18,,3.0,1.67,0.0,USD,1.89,1.31,09/08/2026 06:48:22
24799960.0,Shopgoodwill,66143105,,1247065,10.0,,CreditCard,637.19,549.99,27.93,,30.0,29.27,0.0,USD,49.5,18.78,09/08/2026 10:05:13
24799981.0,Shopgoodwill,66143124,,2659658,1.0,,CreditCard,57.35,42.57,8.6,,3.0,3.18,0.0,USD,3.83,1.96,09/08/2026 10:16:04
24800014.0,Shopgoodwill,66143135,,1008624,1.0,,CreditCard,76.79,61.52,8.66,,3.0,3.61,0.0,USD,5.54,2.53,09/08/2026 10:28:13
24800049.0,Shopgoodwill,66143147,,1003864,1.0,,ApplePay,96.69,74.68,13.42,,3.0,5.59,0.0,USD,6.72,3.1,09/08/2026 10:32:11
24800055.0,Shopgoodwill,66143151,,1009191,3.0,,CreditCard,148.77,118.87,12.3,,9.0,8.6,0.0,USD,10.7,4.61,09/08/2026 11:07:09
24800056.0,Shopgoodwill,66143176,,1008113,1.0,,CreditCard,49.99,43.95,0.0,,3.0,3.04,0.0,USD,3.96,1.75,09/08/2026 11:14:23
24800057.0,Shopgoodwill,66143186,,2731835,1.0,,ApplePay,72.83,51.65,15.5,,3.0,2.68,0.0,USD,4.65,2.41,09/08/2026 11:17:56
24800070.0,Shopgoodwill,66143207,,2336923,1.0,,CreditCard,203.69,181.03,7.75,,3.0,11.91,0.0,USD,16.29,6.21,09/08/2026 11:35:07
24800088.0,Shopgoodwill,66143235,,2226526,1.0,,CreditCard,252.31,227.96,8.9,,3.0,12.45,0.0,USD,20.52,7.62,09/08/2026 11:36:02
24800122.0,Shopgoodwill,66143250,,1714147,1.0,,ApplePay,64.46,42.98,15.45,,3.0,3.03,0.0,USD,3.87,2.17,09/08/2026 11:47:24
24800142.0,Shopgoodwill,66143254,,1446124,1.0,,PayPal,132.83,129.83,0.0,,3.0,0.0,0.0,USD,11.68,4.15,09/08/2026 11:58:17
24800171.0,Shopgoodwill,66143260,,2307152,1.0,,CreditCard,76.63,59.88,13.75,,3.0,0.0,0.0,USD,5.39,2.52,09/08/2026 12:06:39
24800182.0,Shopgoodwill,66143276,,1837319,1.0,,ApplePay,89.03,68.27,13.14,,3.0,4.62,0.0,USD,6.14,2.88,09/08/2026 12:15:05
24800210.0,GoodwillFinds,5577155119,,7000004960,10.0,,ApplePay,1188.62,1059.68,21.74,,30.0,77.2,0.0,USD,158.95,34.77,09/08/2026 12:30:46
24800241.0,Shopgoodwill,66143297,,1509642,3.0,,CreditCard,238.93,199.33,14.82,,9.0,15.78,0.0,USD,17.94,7.23,09/08/2026 12:37:03
24800263.0,Shopgoodwill,66143305,,2484602,2.0,,CreditCard,357.32,311.01,15.78,,6.0,24.53,0.0,USD,27.99,10.66,09/08/2026 12:46:20
24800298.0,Shopgoodwill,66143309,,1006531,1.0,,CreditCard,37.95,25.44,8.0,,3.0,1.51,0.0,USD,2.29,1.4,09/08/2026 12:46:50
24800300.0,GoodwillFinds,5577188056,,7000132020,1.0,,ApplePay,150.5,126.6,12.45,,3.0,8.45,0.0,USD,18.99,4.66,09/08/2026 13:22:10
24800338.0,Shopgoodwill,66143320,,2153313,3.0,,CreditCard,271.98,234.0,12.96,,9.0,16.02,0.0,USD,21.06,8.19,09/08/2026 13:56:20
24800349.0,Shopgoodwill,66143335,,1002254,1.0,,PayPal,37.24,24.88,7.92,,3.0,1.44,0.0,USD,2.24,1.38,09/08/2026 13:59:25
24800356.0,Shopgoodwill,66143338,,1674576,1.0,,ApplePay,49.5,31.4,12.66,,3.0,2.44,0.0,USD,2.83,1.74,09/08/2026 14:00:40
24800394.0,Shopgoodwill,66143350,,1543739,1.0,,PayPal,155.56,128.46,15.26,,3.0,8.84,0.0,USD,11.56,4.81,09/08/2026 14:02:11
24800433.0,Shopgoodwill,66143366,,2135554,1.0,,CreditCard,62.34,47.69,8.3,,3.0,3.35,0.0,USD,4.29,2.11,09/08/2026 14:04:42
24800460.0,Shopgoodwill,66143389,,1007896,1.0,,PayPal,35.03,30.34,0.0,,3.0,1.69,0.0,USD,2.73,1.32,09/08/2026 14:05:02
24800466.0,GoodwillFinds,5577203888,,7000149890,1.0,,CreditCard,40.39,27.69,7.55,,3.0,2.15,0.0,USD,4.15,1.47,09/08/2026 14:13:57
24800469.0,Shopgoodwill,66143404,,1932246,1.0,,ApplePay,64.64,46.66,11.36,,3.0,3.62,0.0,USD,4.2,2.17,09/08/2026 14:19:19
24800490.0,Shopgoodwill,66143405,,1009128,4.0,,CreditCard,327.15,285.35,14.28,,12.0,15.52,0.0,USD,25.68,9.79,09/08/2026 14:53:17
24800515.0,Shopgoodwill,66143413,,1676144,1.0,,CreditCard,416.46,373.23,14.76,,3.0,25.47,0.0,USD,33.59,12.38,09/08/2026 14:55:52
24800552.0,Shopgoodwill,66143422,,2696828,1.0,,ApplePay,57.55,38.67,12.82,,3.0,3.06,0.0,USD,3.48,1.97,09/08/2026 14:58:34
24800562.0,Shopgoodwill,66143451,,1383726,3.0,,ApplePay,344.21,297.5,17.96,,9.0,19.75,0.0,USD,26.78,10.28,09/08/2026 15:08:52
24800573.0,eBay,12-87767-49063,,vintage.00002,10.0,,CreditCard,519.62,468.44,21.18,,30.0,0.0,0.0,USD,65.17,0.0,09/08/2026 15:25:33
24800581.0,Shopgoodwill,66143466,,1005271,4.0,,ApplePay,538.04,482.46,18.44,,12.0,25.14,0.0,USD,43.42,15.9,09/08/2026 15:41:38
24800593.0,eBay,12-87793-70793,,resell01963,1.0,,ApplePay,68.23,51.09,10.14,,3.0,4.0,0.0,USD,8.41,0.0,09/08/2026 15:54:13
24800613.0,Shopgoodwill,66143484,,1006853,1.0,,CreditCard,35.9,23.57,9.33,,3.0,0.0,0.0,USD,2.12,1.34,09/08/2026 15:56:17
24800614.0,Shopgoodwill,66143486,,2450323,1.0,,CreditCard,89.09,70.88,10.13,,3.0,5.08,0.0,USD,6.38,2.88,09/08/2026 15:56:38
24800650.0,Shopgoodwill,66143494,,2193829,1.0,,CreditCard,64.25,43.51,14.58,,3.0,3.16,0.0,USD,3.92,2.16,09/08/2026 16:11:03
24800657.0,Shopgoodwill,66143507,,1381696,3.0,,ApplePay,313.15,269.33,17.94,,9.0,16.88,0.0,USD,24.24,9.38,09/08/2026 16:22:51
24800669.0,Shopgoodwill,66143533,,1233135,1.0,,ApplePay,35.86,19.16,12.47,,3.0,1.23,0.0,USD,1.72,1.34,09/08/2026 16:23:28
24800693.0,eBay,12-87801-99655,,treasure29401,1.0,,ApplePay,90.63,69.75,13.83,,3.0,4.05,0.0,USD,11.37,0.0,09/08/2026 16:26:29
24800695.0,Shopgoodwill,66143549,,1114107,4.0,,PayPal,307.65,265.69,13.58,,12.0,16.38,0.0,USD,23.91,9.22,09/08/2026 16:39:04
24800700.0,Shopgoodwill,66143555,,2121568,1.0,,CreditCard,67.54,50.91,10.35,,3.0,3.28,0.0,USD,4.58,2.26,09/08/2026 16:56:30
24800735.0,Shopgoodwill,66143566,,1008190,2.0,,ApplePay,282.79,244.19,13.69,,6.0,18.91,0.0,USD,21.98,8.5,09/08/2026 17:05:40
24800761.0,eBay,12-87823-46760,,treasure_20541,1.0,,ApplePay,170.28,146.92,12.72,,3.0,7.64,0.0,USD,21.45,0.0,09/08/2026 17:11:45
24800796.0,Shopgoodwill,66143575,,1137480,1.0,,CreditCard,43.61,37.65,0.0,,3.0,2.96,0.0,USD,3.39,1.56,09/08/2026 17:12:43
24800799.0,Shopgoodwill,66143599,,1001029,1.0,,ApplePay,57.68,37.49,15.18,,3.0,2.01,0.0,USD,3.37,1.97,09/08/2026 17:19:23
24800812.0,Shopgoodwill,66143623,,2094289,1.0,,CreditCard,61.59,47.48,8.26,,3.0,2.85,0.0,USD,4.27,2.09,09/08/2026 17:24:38
24800844.0,Shopgoodwill,66143634,,1745682,1.0,,PayPal,195.4,168.7,13.99,,3.0,9.71,0.0,USD,15.18,5.97,09/08/2026 17:25:46
24800871.0,Shopgoodwill,66143643,,1121044,1.0,,ApplePay,63.15,47.88,9.63,,3.0,2.64,0.0,USD,4.31,2.13,09/08/2026 17:34:34
24800902.0,Shopgoodwill,66143670,,1008008,1.0,,CreditCard,45.15,31.88,8.11,,3.0,2.16,0.0,USD,2.87,1.61,09/08/2026 17:54:24
24800930.0,Shopgoodwill,66143674,,1008099,1.0,,CreditCard,43.97,38.6,0.0,,3.0,2.37,0.0,USD,3.47,1.58,09/08/2026 17:55:51
24800961.0,Shopgoodwill,66143678,,2717940,1.0,,ApplePay,67.11,50.63,10.94,,3.0,2.54,0.0,USD,4.56,2.25,09/08/2026 18:00:03
24800974.0,Shopgoodwill,66143701,,1403130,1.0,,CreditCard,66.25,50.22,10.22,,3.0,2.81,0.0,USD,4.52,2.22,09/08/2026 18:17:28
24800979.0,eBay,12-87835-66544,,deal13504,1.0,,PayPal,57.9,38.23,13.72,,3.0,2.95,0.0,USD,7.18,0.0,09/08/2026 18:29:13
24800983.0,Shopgoodwill,66143708,,1309484,1.0,,CreditCard,111.35,86.57,14.89,,3.0,6.89,0.0,USD,7.79,3.53,09/08/2026 18:31:16
24800999.0,Shopgoodwill,66143724,,1744954,1.0,,ApplePay,70.6,48.87,15.25,,3.0,3.48,0.0,USD,4.4,2.35,09/08/2026 18:31:49
24801027.0,Shopgoodwill,66143734,,2678964,1.0,,CreditCard,257.37,229.32,11.95,,3.0,13.1,0.0,USD,20.64,7.76,09/08/2026 18:33:00
24801028.0,GoodwillFinds,5577288777,,7000109483,1.0,,ApplePay,55.92,36.57,14.12,,3.0,2.23,0.0,USD,5.49,1.92,09/08/2026 18:44:15
24801035.0,eBay,12-87840-43262,,gem26509,1.0,,CreditCard,221.47,192.09,11.76,,3.0,14.62,0.0,USD,27.31,0.0,09/08/2026 18:52:49
24801056.0,Shopgoodwill,66143744,,1240632,10.0,,PayPal,1237.83,1111.7,27.88,,30.0,68.25,0.0,USD,100.05,36.2,09/08/2026 20:13:22
24801093.0,Shopgoodwill,66143750,,2023729,1.0,,ApplePay,44.27,28.22,11.61,,3.0,1.44,0.0,USD,2.54,1.58,09/08/2026 20:15:02
24801104.0,GoodwillFinds,5577378671,,7000000673,1.0,,ApplePay,45.51,25.31,15.35,,3.0,1.85,0.0,USD,3.8,1.62,09/08/2026 20:18:27
24801128.0,Shopgoodwill,66143764,,1137921,1.0,,CreditCard,57.27,40.75,11.4,,3.0,2.12,0.0,USD,3.67,1.96,09/08/2026 20:38:14
24801151.0,Shopgoodwill,66143781,,1570794,1.0,,CreditCard,73.75,57.75,8.96,,3.0,4.04,0.0,USD,5.2,2.44,09/08/2026 21:00:45
24801162.0,Shopgoodwill,66143800,,1505757,1.0,,ApplePay,302.82,267.5,13.46,,3.0,18.86,0.0,USD,24.08,9.08,09/08/2026 21:15:42
24801177.0,Shopgoodwill,66143817,,1946855,1.0,,PayPal,108.53,88.82,10.34,,3.0,6.37,0.0,USD,7.99,3.45,09/08/2026 21:23:14
24801189.0,Shopgoodwill,66143826,,1938434,1.0,,CreditCard,55.68,36.07,14.09,,3.0,2.52,0.0,USD,3.25,1.91,09/08/2026 21:30:10
24801221.0,GoodwillFinds,5577419048,,7000160624,1.0,,ApplePay,169.61,147.74,9.8,,3.0,9.07,0.0,USD,22.16,5.22,09/08/2026 21:43:16
24801257.0,Shopgoodwill,66143834,,1007945,1.0,,CreditCard,45.27,28.88,11.28,,3.0,2.11,0.0,USD,2.6,1.61,09/08/2026 21:49:23
24801266.0,Shopgoodwill,66143841,,2746577,1.0,,CreditCard,50.7,35.2,10.68,,3.0,1.82,0.0,USD,3.17,1.77,09/08/2026 21:58:34
24801283.0,Shopgoodwill,66143869,,1582925,1.0,,ApplePay,59.16,44.16,9.11,,3.0,2.89,0.0,USD,3.97,2.02,09/08/2026 22:00:09
24801295.0,Shopgoodwill,66143875,,1008988,1.0,,ApplePay,193.86,181.05,0.0,,3.0,9.81,0.0,USD,16.29,5.92,09/08/2026 22:15:24
24801307.0,Shopgoodwill,66143898,,1136101,1.0,,CreditCard,61.56,48.98,9.58,,3.0,0.0,0.0,USD,4.41,2.09,09/08/2026 23:11:51
24801311.0,Shopgoodwill,66143912,,1357441,1.0,,CreditCard,34.07,28.88,0.0,,3.0,2.19,0.0,USD,2.6,1.29,09/08/2026 23:17:35
24801330.0,Shopgoodwill,66143913,,1244440,1.0,,ApplePay,43.0,26.03,12.2,,3.0,1.77,0.0,USD,2.34,1.55,09/09/2026 01:57:15
24801354.0,Shopgoodwill,66143923,,1004837,1.0,,CreditCard,36.65,23.99,8.18,,3.0,1.48,0.0,USD,2.16,1.36,09/09/2026 05:22:35
24801385.0,Shopgoodwill,66143935,,1007168,1.0,,CreditCard,93.53,74.46,10.8,,3.0,5.27,0.0,USD,6.7,3.01,09/09/2026 06:07:06
24801387.0,Shopgoodwill,66143946,,2201683,1.0,,PayPal,57.19,38.48,12.71,,3.0,3.0,0.0,USD,3.46,1.96,09/09/2026 06:18:25
24801413.0,eBay,12-87863-17695,,collect_14676,2.0,,CreditCard,222.05,200.2,15.85,,6.0,0.0,0.0,USD,28.93,0.0,09/09/2026 07:11:29
24801424.0,Shopgoodwill,66143957,,1005019,1.0,,ApplePay,59.75,38.45,15.33,,3.0,2.97,0.0,USD,3.46,2.03,09/09/2026 08:11:20
24801427.0,Shopgoodwill,66143986,,2215207,1.0,,PayPal,39.88,25.12,10.09,,3.0,1.67,0.0,USD,2.26,1.46,09/09/2026 08:12:17
24801451.0,Shopgoodwill,66143992,,1260253,10.0,,PayPal,763.73,666.78,26.98,,30.0,39.97,0.0,USD,60.01,22.45,09/09/2026 10:39:50
24801489.0,Shopgoodwill,66144021,,2665657,1.0,,CreditCard,44.32,25.11,14.77,,3.0,1.44,0.0,USD,2.26,1.59,09/09/2026 10:41:25
24801494.0,Shopgoodwill,66144042,,2275743,1.0,,ApplePay,138.02,126.47,0.0,,3.0,8.55,0.0,USD,11.38,4.3,09/09/2026 11:21:40
24801506.0,Shopgoodwill,66144052,,1006818,1.0,,ApplePay,113.21,102.0,8.21,,3.0,0.0,0.0,USD,9.18,3.58,09/09/2026 11:32:02
24801536.0,Shopgoodwill,66144079,,1053536,1.0,,PayPal,231.98,202.08,12.04,,3.0,14.86,0.0,USD,18.19,7.03,09/09/2026 11:34:24
24801537.0,Shopgoodwill,66144103,,1785764,1.0,,ApplePay,128.96,106.02,14.52,,3.0,5.42,0.0,USD,9.54,4.04,09/09/2026 11:35:22
24801560.0,Shopgoodwill,66144104,,1968506,1.0,,PayPal,318.6,285.77,7.94,,3.0,21.89,0.0,USD,25.72,9.54,09/09/2026 11:52:56
24801564.0,Shopgoodwill,66144128,,1642292,1.0,,CreditCard,62.15,44.69,11.91,,3.0,2.55,0.0,USD,4.02,2.1,09/09/2026 11:53:51
24801600.0,Shopgoodwill,66144150,,1007581,1.0,,ApplePay,140.69,117.84,12.88,,3.0,6.97,0.0,USD,10.61,4.38,09/09/2026 12:02:37
24801629.0,Shopgoodwill,66144170,,2352330,1.0,,CreditCard,51.15,35.1,11.14,,3.0,1.91,0.0,USD,3.16,1.78,09/09/2026 12:27:34
24801659.0,Shopgoodwill,66144185,,2241163,1.0,,CreditCard,131.04,121.91,0.0,,3.0,6.13,0.0,USD,10.97,4.1,09/09/2026 12:30:58
24801665.0,Shopgoodwill,66144191,,2251110,1.0,,ApplePay,46.78,31.4,10.17,,3.0,2.21,0.0,USD,2.83,1.66,09/09/2026 12:36:34
24801686.0,Shopgoodwill,66144210,,1566181,1.0,,ApplePay,174.16,149.41,12.14,,3.0,9.61,0.0,USD,13.45,5.35,09/09/2026 12:36:49
24801718.0,Shopgoodwill,66144223,,1959588,1.0,,PayPal,43.8,24.13,14.78,,3.0,1.89,0.0,USD,2.17,1.57,09/09/2026 12:43:05
24801753.0,Shopgoodwill,66144250,,1003822,1.0,,PayPal,48.83,30.52,13.16,,3.0,2.15,0.0,USD,2.75,1.72,09/09/2026 12:45:14
24801780.0,Shopgoodwill,66144264,,1002954,2.0,,ApplePay,134.9,112.68,10.04,,6.0,6.18,0.0,USD,10.14,4.21,09/09/2026 12:55:42
24801817.0,Shopgoodwill,66144275,,1006825,1.0,,PayPal,287.54,255.07,14.4,,3.0,15.07,0.0,USD,22.96,8.64,09/09/2026 12:58:49
24801831.0,Shopgoodwill,66144285,,1003094,1.0,,ApplePay,215.22,189.19,7.96,,3.0,15.07,0.0,USD,17.03,6.54,09/09/2026 12:59:08
24801869.0,Shopgoodwill,66144301,,2274889,4.0,,CreditCard,290.45,249.9,12.03,,12.0,16.52,0.0,USD,22.49,8.72,09/09/2026 13:23:46
24801890.0,GoodwillFinds,5577449824,,7000101826,1.0,,CreditCard,107.1,87.11,10.05,,3.0,6.94,0.0,USD,13.07,3.41,09/09/2026 13:30:34
24801900.0,Shopgoodwill,66144322,,1535619,1.0,,ApplePay,160.28,136.37,11.28,,3.0,9.63,0.0,USD,12.27,4.95,09/09/2026 13:45:07
24801919.0,Shopgoodwill,66144340,,1366163,1.0,,CreditCard,115.87,105.52,0.0,,3.0,7.35,0.0,USD,9.5,3.66,09/09/2026 13:58:42
24801942.0,Shopgoodwill,66144353,,2275092,1.0,,CreditCard,78.03,60.59,9.92,,3.0,4.52,0.0,USD,5.45,2.56,09/09/2026 14:00:20
24801943.0,Shopgoodwill,66144379,,2529024,1.0,,CreditCard,97.29,77.11,11.96,,3.0,5.22,0.0,USD,6.94,3.12,09/09/2026 14:02:10
24801948.0,Shopgoodwill,66144395,,2377250,1.0,,ApplePay,742.16,698.7,0.0,,3.0,40.46,0.0,USD,62.88,21.82,09/09/2026 14:03:08
24801982.0,Shopgoodwill,66144421,,1009282,1.0,,ApplePay,84.08,68.53,12.55,,3.0,0.0,0.0,USD,6.17,2.74,09/09/2026 14:07:13
24801985.0,Shopgoodwill,66144436,,1003724,1.0,,CreditCard,107.88,86.64,13.76,,3.0,4.48,0.0,USD,7.8,3.43,09/09/2026 14:07:17
24802018.0,Shopgoodwill,66144463,,1370258,1.0,,PayPal,39.62,22.16,12.92,,3.0,1.54,0.0,USD,1.99,1.45,09/09/2026 14:19:01
24802029.0,Shopgoodwill,66144489,,1260953,3.0,,ApplePay,231.58,194.99,12.87,,9.0,14.72,0.0,USD,17.55,7.02,09/09/2026 14:28:41
24802056.0,Shopgoodwill,66144501,,1882518,1.0,,ApplePay,74.81,60.04,11.77,,3.0,0.0,0.0,USD,5.4,2.47,09/09/2026 14:29:06
24802061.0,Shopgoodwill,66144529,,1114037,1.0,,ApplePay,96.4,79.85,8.04,,3.0,5.51,0.0,USD,7.19,3.1,09/09/2026 14:33:19
24802096.0,Shopgoodwill,66144530,,1117733,1.0,,CreditCard,161.19,139.05,10.07,,3.0,9.07,0.0,USD,12.51,4.97,09/09/2026 14:34:37
24802128.0,Shopgoodwill,66144549,,2415050,1.0,,PayPal,185.32,168.52,13.8,,3.0,0.0,0.0,USD,15.17,5.67,09/09/2026 14:35:29
24802147.0,Shopgoodwill,66144565,,2196678,1.0,,ApplePay,74.86,57.78,10.69,,3.0,3.39,0.0,USD,5.2,2.47,09/09/2026 14:40:29
24802182.0,Shopgoodwill,66144594,,1009002,1.0,,CreditCard,37.37,20.1,13.2,,3.0,1.07,0.0,USD,1.81,1.38,09/09/2026 14:40:31
24802199.0,Shopgoodwill,66144617,,2062271,1.0,,CreditCard,36.43,18.72,13.31,,3.0,1.4,0.0,USD,1.68,1.36,09/09/2026 14:41:26
24802200.0,Shopgoodwill,66144624,,1263109,1.0,,ApplePay,52.99,40.27,7.6,,3.0,2.12,0.0,USD,3.62,1.84,09/09/2026 14:45:53
24802235.0,Shopgoodwill,66144625,,1001876,1.0,,PayPal,49.79,35.04,9.51,,3.0,2.24,0.0,USD,3.15,1.74,09/09/2026 14:49:49
24802242.0,Shopgoodwill,66144649,,1570640,1.0,,ApplePay,45.14,27.27,13.21,,3.0,1.66,0.0,USD,2.45,1.61,09/09/2026 14:51:31
24802266.0,Shopgoodwill,66144662,,1050484,1.0,,ApplePay,58.68,44.24,8.19,,3.0,3.25,0.0,USD,3.98,2.0,09/09/2026 14:53:56
24802289.0,Shopgoodwill,66144665,,2503152,1.0,,PayPal,1428.69,1313.98,13.16,,3.0,98.55,0.0,USD,118.26,41.73,09/09/2026 14:54:34
24802307.0,Shopgoodwill,66144668,,1883547,1.0,,CreditCard,26.86,10.68,12.41,,3.0,0.77,0.0,USD,0.96,1.08,09/09/2026 14:57:39
24802325.0,GoodwillFinds,5577534921,,7000154150,1.0,,CreditCard,199.95,176.65,10.34,,3.0,9.96,0.0,USD,26.5,6.1,09/09/2026 15:06:42
24802336.0,Shopgoodwill,66144685,,2362844,1.0,,CreditCard,293.0,258.44,14.59,,3.0,16.97,0.0,USD,23.26,8.8,09/09/2026 15:11:31
24802349.0,Shopgoodwill,66144710,,2291787,4.0,,CreditCard,448.15,395.13,19.48,,12.0,21.54,0.0,USD,35.56,13.3,09/09/2026 15:37:36
24802362.0,Shopgoodwill,66144728,,1006398,1.0,,ApplePay,32.79,16.62,12.18,,3.0,0.99,0.0,USD,1.5,1.25,09/09/2026 15:38:05
24802399.0,GoodwillFinds,5577583388,,7000002784,1.0,,PayPal,50.83,30.93,14.49,,3.0,2.41,0.0,USD,4.64,1.77,09/09/2026 15:38:57
24802405.0,Shopgoodwill,66144748,,1883155,1.0,,ApplePay,184.69,156.58,15.33,,3.0,9.78,0.0,USD,14.09,5.66,09/09/2026 15:40:31
24802415.0,Shopgoodwill,66144762,,2190455,1.0,,CreditCard,89.55,68.75,12.78,,3.0,5.02,0.0,USD,6.19,2.9,09/09/2026 15:40:39
24802430.0,Shopgoodwill,66144784,,2499176,1.0,,CreditCard,40.79,28.13,9.66,,3.0,0.0,0.0,USD,2.53,1.48,09/09/2026 15:48:06
24802438.0,Shopgoodwill,66144809,,1104825,1.0,,ApplePay,26.46,22.02,0.0,,3.0,1.44,0.0,USD,1.98,1.07,09/09/2026 15:50:30
24802445.0,Shopgoodwill,66144831,,1015995,1.0,,ApplePay,61.93,41.91,14.44,,3.0,2.58,0.0,USD,3.77,2.1,09/09/2026 15:53:23
24802467.0,Shopgoodwill,66144858,,1009233,1.0,,CreditCard,74.41,58.47,9.75,,3.0,3.19,0.0,USD,5.26,2.46,09/09/2026 15:54:25
24802497.0,Shopgoodwill,66144887,,1858382,1.0,,ApplePay,57.28,36.41,15.23,,3.0,2.64,0.0,USD,3.28,1.96,09/09/2026 15:54:51
24802513.0,Shopgoodwill,66144889,,2413440,1.0,,PayPal,23.78,11.27,8.9,,3.0,0.61,0.0,USD,1.01,0.99,09/09/2026 16:08:36
24802528.0,Shopgoodwill,66144916,,2488137,1.0,,CreditCard,50.69,36.54,9.16,,3.0,1.99,0.0,USD,3.29,1.77,09/09/2026 16:09:57
24802537.0,Shopgoodwill,66144932,,1218400,1.0,,ApplePay,39.47,36.47,0.0,,3.0,0.0,0.0,USD,3.28,1.44,09/09/2026 16:12:16
24802566.0,Shopgoodwill,66144945,,2681708,1.0,,CreditCard,65.63,49.16,10.17,,3.0,3.3,0.0,USD,4.42,2.2,09/09/2026 16:14:53
24802605.0,Shopgoodwill,66144974,,2523515,1.0,,CreditCard,89.13,72.77,8.72,,3.0,4.64,0.0,USD,6.55,2.88,09/09/2026 16:17:03
24802606.0,Shopgoodwill,66144985,,1372428,1.0,,PayPal,39.88,21.75,13.57,,3.0,1.56,0.0,USD,1.96,1.46,09/09/2026 16:17:56
24802621.0,Shopgoodwill,66144988,,1044632,1.0,,CreditCard,52.54,33.62,13.66,,3.0,2.26,0.0,USD,3.03,1.82,09/09/2026 16:24:20
24802647.0,Shopgoodwill,66145001,,2428133,1.0,,ApplePay,70.74,55.82,8.94,,3.0,2.98,0.0,USD,5.02,2.35,09/09/2026 16:34:52
24802657.0,Shopgoodwill,66145020,,1007749,4.0,,CreditCard,322.09,290.19,0.0,,12.0,19.9,0.0,USD,26.12,9.64,09/09/2026 16:52:07
24802659.0,Shopgoodwill,66145036,,1308196,1.0,,CreditCard,256.03,244.54,8.49,,3.0,0.0,0.0,USD,22.01,7.72,09/09/2026 16:55:16
24802673.0,Shopgoodwill,66145065,,2588706,1.0,,PayPal,467.1,419.11,12.79,,3.0,32.2,0.0,USD,37.72,13.85,09/09/2026 16:57:11
24802685.0,Shopgoodwill,66145093,,1235522,1.0,,ApplePay,89.55,71.8,10.52,,3.0,4.23,0.0,USD,6.46,2.9,09/09/2026 16:57:34
24802713.0,GoodwillFinds,5577602138,,7000051179,1.0,,CreditCard,80.86,69.69,8.17,,3.0,0.0,0.0,USD,10.45,2.64,09/09/2026 16:57:35
24802745.0,Shopgoodwill,66145108,,1887201,1.0,,ApplePay,74.71,53.79,13.78,,3.0,4.14,0.0,USD,4.84,2.47,09/09/2026 17:09:34
24802773.0,Shopgoodwill,66145124,,1073479,1.0,,ApplePay,82.92,59.94,15.46,,3.0,4.52,0.0,USD,5.39,2.7,09/09/2026 17:16:52
24802800.0,Shopgoodwill,66145130,,1281232,1.0,,PayPal,146.25,124.66,10.62,,3.0,7.97,0.0,USD,11.22,4.54,09/09/2026 17:17:29
24802836.0,GoodwillFinds,5577611600,,7000111898,1.0,,CreditCard,79.59,62.26,10.33,,3.0,4.0,0.0,USD,9.34,2.61,09/09/2026 17:20:30
24802851.0,Shopgoodwill,66145148,,1005698,1.0,,PayPal,53.7,38.76,9.17,,3.0,2.77,0.0,USD,3.49,1.86,09/09/2026 17:45:55
24802879.0,Shopgoodwill,66145166,,1141575,1.0,,PayPal,80.42,61.57,11.24,,3.0,4.61,0.0,USD,5.54,2.63,09/09/2026 17:46:45
24802914.0,Shopgoodwill,66145173,,2336636,1.0,,ApplePay,108.41,88.46,10.54,,3.0,6.41,0.0,USD,7.96,3.44,09/09/2026 17:51:20
24802926.0,GoodwillFinds,5577636616,,7000144751,1.0,,PayPal,59.05,45.18,7.96,,3.0,2.91,0.0,USD,6.78,2.01,09/09/2026 17:53:46
24802932.0,GoodwillFinds,5577715406,,7000209605,1.0,,ApplePay,64.09,49.72,11.37,,3.0,0.0,0.0,USD,7.46,2.16,09/09/2026 17:54:10
24802948.0,Shopgoodwill,66145197,,2422295,1.0,,PayPal,35.81,19.71,11.85,,3.0,1.25,0.0,USD,1.77,1.34,09/09/2026 17:57:19
24802984.0,Shopgoodwill,66145222,,1005852,1.0,,CreditCard,79.82,58.36,15.1,,3.0,3.36,0.0,USD,5.25,2.61,09/09/2026 18:08:29
24803008.0,Shopgoodwill,66145232,,2145158,1.0,,CreditCard,27.82,15.67,7.9,,3.0,1.25,0.0,USD,1.41,1.11,09/09/2026 18:26:10
24803031.0,Shopgoodwill,66145234,,2253798,1.0,,ApplePay,47.09,29.26,12.69,,3.0,2.14,0.0,USD,2.63,1.67,09/09/2026 18:30:19
24803065.0,Shopgoodwill,66145249,,2160775,1.0,,CreditCard,70.23,51.55,13.05,,3.0,2.63,0.0,USD,4.64,2.34,09/09/2026 18:34:35
24803081.0,Shopgoodwill,66145269,,1664433,1.0,,CreditCard,94.27,72.28,14.39,,3.0,4.6,0.0,USD,6.51,3.03,09/09/2026 18:35:28
24803085.0,Shopgoodwill,66145293,,1060270,1.0,,PayPal,96.46,81.33,12.13,,3.0,0.0,0.0,USD,7.32,3.1,09/09/2026 18:53:05
24803104.0,Shopgoodwill,66145302,,1005110,1.0,,CreditCard,41.73,22.73,14.65,,3.0,1.35,0.0,USD,2.05,1.51,09/09/2026 18:58:25
24803139.0,Shopgoodwill,66145305,,1051443,1.0,,ApplePay,46.61,33.4,10.21,,3.0,0.0,0.0,USD,3.01,1.65,09/09/2026 19:09:15
24803154.0,Shopgoodwill,66145318,,2339926,1.0,,ApplePay,76.0,61.21,8.14,,3.0,3.65,0.0,USD,5.51,2.5,09/09/2026 19:16:25
24803178.0,Shopgoodwill,66145335,,1245441,1.0,,PayPal,73.43,59.68,7.58,,3.0,3.17,0.0,USD,5.37,2.43,09/09/2026 19:28:41
24803195.0,eBay,12-87998-30696,,treasure.30761,10.0,,PayPal,831.52,732.03,27.21,,30.0,42.28,0.0,USD,100.9,0.0,09/09/2026 19:32:26
24803198.0,Shopgoodwill,66145347,,1004473,1.0,,CreditCard,41.7,22.49,14.93,,3.0,1.28,0.0,USD,2.02,1.51,09/09/2026 19:36:43
24803222.0,Shopgoodwill,66145365,,2036910,1.0,,CreditCard,42.79,39.79,0.0,,3.0,0.0,0.0,USD,3.58,1.54,09/09/2026 19:44:03
24803250.0,Shopgoodwill,66145394,,2564227,1.0,,PayPal,157.17,129.62,15.31,,3.0,9.24,0.0,USD,11.67,4.86,09/09/2026 20:04:46
24803287.0,Shopgoodwill,66145409,,1001743,1.0,,PayPal,93.29,74.72,10.73,,3.0,4.84,0.0,USD,6.72,3.01,09/09/2026 20:05:50
24803322.0,Shopgoodwill,66145420,,1106302,1.0,,PayPal,33.02,17.44,11.23,,3.0,1.35,0.0,USD,1.57,1.26,09/09/2026 20:06:40
24803345.0,Shopgoodwill,66145437,,1027678,1.0,,CreditCard,224.98,197.65,9.54,,3.0,14.79,0.0,USD,17.79,6.82,09/09/2026 20:30:58
24803370.0,Shopgoodwill,66145445,,2156925,1.0,,PayPal,69.51,58.53,7.98,,3.0,0.0,0.0,USD,5.27,2.32,09/09/2026 20:46:47
24803371.0,Shopgoodwill,66145462,,1992243,1.0,,CreditCard,83.63,62.43,13.27,,3.0,4.93,0.0,USD,5.62,2.73,09/09/2026 21:09:09
24803401.0,Shopgoodwill,66145472,,2212862,1.0,,CreditCard,83.02,61.03,14.4,,3.0,4.59,0.0,USD,5.49,2.71,09/09/2026 21:22:35
24803406.0,Shopgoodwill,66145501,,1005278,1.0,,CreditCard,111.23,94.23,14.0,,3.0,0.0,0.0,USD,8.48,3.53,09/09/2026 21:40:52
24803445.0,eBay,12-88001-48524,,gem.27449,1.0,,ApplePay,117.05,96.56,10.19,,3.0,7.3,0.0,USD,14.44,0.0,09/09/2026 21:54:31
24803465.0,Shopgoodwill,66145522,,2722112,3.0,,CreditCard,302.04,264.13,13.35,,9.0,15.56,0.0,USD,23.77,9.06,09/09/2026 22:17:27
24803490.0,Shopgoodwill,66145540,,1004256,1.0,,PayPal,127.36,109.67,8.3,,3.0,6.39,0.0,USD,9.87,3.99,09/09/2026 22:17:52
24803508.0,Shopgoodwill,66145552,,1001197,1.0,,ApplePay,96.35,74.23,13.53,,3.0,5.59,0.0,USD,6.68,3.09,09/09/2026 22:29:42
24803530.0,Shopgoodwill,66145581,,1007791,1.0,,CreditCard,72.65,57.28,8.61,,3.0,3.76,0.0,USD,5.16,2.41,09/09/2026 22:47:56
24803542.0,Shopgoodwill,66145590,,1008001,1.0,,PayPal,92.27,83.54,0.0,,3.0,5.73,0.0,USD,7.52,2.98,09/09/2026 22:56:29
24803567.0,Shopgoodwill,66145601,,1005698,1.0,,PayPal,114.86,99.4,12.46,,3.0,0.0,0.0,USD,8.95,3.63,09/09/2026 22:59:46
24803572.0,Shopgoodwill,66145616,,2438234,1.0,,CreditCard,98.04,75.2,14.29,,3.0,5.55,0.0,USD,6.77,3.14,09/09/2026 23:04:04
24803579.0,eBay,12-88005-09502,,collect_15066,1.0,,CreditCard,261.75,227.7,14.82,,3.0,16.23,0.0,USD,32.43,0.0,09/09/2026 23:09:39
24803600.0,Shopgoodwill,66145633,,1001904,3.0,,CreditCard,197.44,167.65,12.08,,9.0,8.71,0.0,USD,15.09,6.03,09/10/2026 03:21:35
24803617.0,Shopgoodwill,66145662,,1004305,1.0,,PayPal,39.21,21.45,13.08,,3.0,1.68,0.0,USD,1.93,1.44,09/10/2026 05:05:22
24803639.0,Shopgoodwill,66145687,,2360779,1.0,,PayPal,37.39,26.52,7.87,,3.0,0.0,0.0,USD,2.39,1.38,09/10/2026 06:14:06
24803671.0,Shopgoodwill,66145700,,2472695,1.0,,ApplePay,41.37,23.59,13.14,,3.0,1.64,0.0,USD,2.12,1.5,09/10/2026 06:41:13
24803701.0,Shopgoodwill,66145711,,1003017,1.0,,ApplePay,50.77,38.65,9.12,,3.0,0.0,0.0,USD,3.48,1.77,09/10/2026 07:28:32
24803734.0,Shopgoodwill,66145713,,1603750,4.0,,ApplePay,352.81,297.87,19.41,,12.0,23.53,0.0,USD,26.81,10.53,09/10/2026 09:14:56
24803768.0,Shopgoodwill,66145730,,1892983,1.0,,ApplePay,124.73,114.69,0.0,,3.0,7.04,0.0,USD,10.32,3.92,09/10/2026 09:16:38
24803780.0,eBay,12-88028-72054,,gem18289,1.0,,CreditCard,65.75,46.14,13.48,,3.0,3.13,0.0,USD,8.2,0.0,09/10/2026 09:42:49
24803807.0,Shopgoodwill,66145743,,1667086,1.0,,PayPal,361.93,325.0,10.39,,3.0,23.54,0.0,USD,29.25,10.8,09/10/2026 10:05:07
24803817.0,Shopgoodwill,66145750,,1789782,1.0,,ApplePay,67.52,47.09,14.93,,3.0,2.5,0.0,USD,4.24,2.26,09/10/2026 10:15:35
24803844.0,Shopgoodwill,66145758,,1000546,1.0,,CreditCard,163.89,141.02,10.41,,3.0,9.46,0.0,USD,12.69,5.05,09/10/2026 10:24:57
24803846.0,Shopgoodwill,66145770,,2007090,1.0,,ApplePay,86.45,70.98,8.82,,3.0,3.65,0.0,USD,6.39,2.81,09/10/2026 10:33:26
24803858.0,Shopgoodwill,66145789,,1002758,1.0,,PayPal,113.63,96.57,9.17,,3.0,4.89,0.0,USD,8.69,3.6,09/10/2026 10:39:33
24803875.0,Shopgoodwill,66145805,,1637847,1.0,,ApplePay,101.88,93.7,0.0,,3.0,5.18,0.0,USD,8.43,3.25,09/10/2026 10:56:57
24803898.0,Shopgoodwill,66145810,,1362264,1.0,,CreditCard,100.52,81.26,11.95,,3.0,4.31,0.0,USD,7.31,3.22,09/10/2026 10:58:54
24803937.0,Shopgoodwill,66145820,,2515192,1.0,,CreditCard,45.63,33.98,8.65,,3.0,0.0,0.0,USD,3.06,1.62,09/10/2026 11:00:50
24803952.0,Shopgoodwill,66145841,,1775999,1.0,,ApplePay,27.75,12.84,11.01,,3.0,0.9,0.0,USD,1.16,1.1,09/10/2026 11:08:59
24803981.0,GoodwillFinds,5577768458,,7000223926,1.0,,CreditCard,188.19,164.97,10.48,,3.0,9.74,0.0,USD,24.75,5.76,09/10/2026 11:10:20
24804015.0,Shopgoodwill,66145865,,1078197,1.0,,ApplePay,360.19,321.09,11.12,,3.0,24.98,0.0,USD,28.9,10.75,09/10/2026 11:22:11
24804043.0,Shopgoodwill,66145877,,1042525,1.0,,ApplePay,69.23,62.13,0.0,,3.0,4.1,0.0,USD,5.59,2.31,09/10/2026 11:30:02
24804050.0,Shopgoodwill,66145889,,1007462,1.0,,ApplePay,27.84,13.7,11.14,,3.0,0.0,0.0,USD,1.23,1.11,09/10/2026 11:48:32
24804073.0,Shopgoodwill,66145912,,2604022,1.0,,CreditCard,71.97,53.0,12.91,,3.0,3.06,0.0,USD,4.77,2.39,09/10/2026 11:58:13
24804081.0,Shopgoodwill,66145913,,1240583,1.0,,PayPal,48.76,31.88,13.88,,3.0,0.0,0.0,USD,2.87,1.71,09/10/2026 11:58:32
24804112.0,Shopgoodwill,66145922,,1462910,1.0,,CreditCard,101.8,85.92,7.89,,3.0,4.99,0.0,USD,7.73,3.25,09/10/2026 12:04:56
24804134.0,GoodwillFinds,5577779977,,7000094945,1.0,,CreditCard,60.0,46.05,7.88,,3.0,3.07,0.0,USD,6.91,2.04,09/10/2026 12:11:26
24804162.0,eBay,12-88047-15283,,deal_24834,2.0,,PayPal,85.71,65.62,9.65,,6.0,4.44,0.0,USD,10.27,0.0,09/10/2026 12:22:09
24804175.0,Shopgoodwill,66145949,,1196175,1.0,,ApplePay,34.04,29.17,0.0,,3.0,1.87,0.0,USD,2.63,1.29,09/10/2026 12:23:40
24804206.0,Shopgoodwill,66145977,,2641451,1.0,,ApplePay,115.83,90.55,15.45,,3.0,6.83,0.0,USD,8.15,3.66,09/10/2026 12:29:34
24804243.0,GoodwillFinds,5577804836,,7000130723,1.0,,ApplePay,110.92,91.12,10.06,,3.0,6.74,0.0,USD,13.67,3.52,09/10/2026 12:29:46
24804274.0,Shopgoodwill,66145996,,1291032,1.0,,CreditCard,103.59,85.77,8.84,,3.0,5.98,0.0,USD,7.72,3.3,09/10/2026 12:34:50
24804295.0,Shopgoodwill,66146015,,1114366,3.0,,PayPal,165.09,130.49,16.6,,9.0,9.0,0.0,USD,11.74,5.09,09/10/2026 12:50:15
24804309.0,Shopgoodwill,66146040,,1008204,1.0,,CreditCard,36.06,23.12,9.94,,3.0,0.0,0.0,USD,2.08,1.35,09/10/2026 12:57:50
24804310.0,Shopgoodwill,66146051,,1421568,1.0,,ApplePay,65.01,47.76,10.93,,3.0,3.32,0.0,USD,4.3,2.19,09/10/2026 13:00:05
24804334.0,Shopgoodwill,66146078,,2439011,1.0,,CreditCard,33.36,16.6,12.8,,3.0,0.96,0.0,USD,1.49,1.27,09/10/2026 13:02:16
24804373.0,Shopgoodwill,66146101,,1656124,1.0,,CreditCard,43.95,26.3,12.88,,3.0,1.77,0.0,USD,2.37,1.57,09/10/2026 13:04:29
24804389.0,Shopgoodwill,66146102,,1135009,1.0,,CreditCard,154.65,129.72,13.1,,3.0,8.83,0.0,USD,11.67,4.78,09/10/2026 13:05:49
24804395.0,Shopgoodwill,66146117,,1043904,1.0,,CreditCard,76.9,68.69,0.0,,3.0,5.21,0.0,USD,6.18,2.53,09/10/2026 13:11:01
24804398.0,Shopgoodwill,66146140,,1502348,1.0,,CreditCard,267.66,239.75,10.89,,3.0,14.02,0.0,USD,21.58,8.06,09/10/2026 13:19:51
24804431.0,Shopgoodwill,66146141,,1297570,3.0,,CreditCard,163.92,143.54,11.38,,9.0,0.0,0.0,USD,12.92,5.05,09/10/2026 13:25:57
24804467.0,Shopgoodwill,66146166,,2194053,1.0,,ApplePay,118.6,102.38,13.22,,3.0,0.0,0.0,USD,9.21,3.74,09/10/2026 13:29:19
24804505.0,Shopgoodwill,66146170,,1573055,1.0,,ApplePay,45.99,28.73,12.55,,3.0,1.71,0.0,USD,2.59,1.63,09/10/2026 13:30:45
24804512.0,Shopgoodwill,66146194,,1008141,1.0,,PayPal,74.64,60.18,7.89,,3.0,3.57,0.0,USD,5.42,2.46,09/10/2026 13:45:25
24804517.0,Shopgoodwill,66146209,,2581230,1.0,,CreditCard,41.54,24.77,12.26,,3.0,1.51,0.0,USD,2.23,1.5,09/10/2026 13:55:28
24804552.0,Shopgoodwill,66146232,,2254701,1.0,,PayPal,109.08,92.03,8.74,,3.0,5.31,0.0,USD,8.28,3.46,09/10/2026 13:56:50
24804557.0,Shopgoodwill,66146247,,2024065,1.0,,CreditCard,75.08,54.04,14.2,,3.0,3.84,0.0,USD,4.86,2.48,09/10/2026 14:08:58
24804591.0,Shopgoodwill,66146253,,1133826,1.0,,PayPal,101.08,81.56,10.54,,3.0,5.98,0.0,USD,7.34,3.23,09/10/2026 14:10:58
24804621.0,Shopgoodwill,66146262,,1871941,1.0,,PayPal,43.12,37.97,0.0,,3.0,2.15,0.0,USD,3.42,1.55,09/10/2026 14:13:29
24804628.0,Shopgoodwill,66146284,,1006384,1.0,,CreditCard,286.68,261.07,7.64,,3.0,14.97,0.0,USD,23.5,8.61,09/10/2026 14:14:07
24804638.0,GoodwillFinds,5577851573,,7000000928,1.0,,CreditCard,65.02,43.31,15.4,,3.0,3.31,0.0,USD,6.5,2.19,09/10/2026 14:48:48
24804674.0,Shopgoodwill,66146303,,1772450,1.0,,CreditCard,130.92,107.32,13.76,,3.0,6.84,0.0,USD,9.66,4.1,09/10/2026 14:51:55
24804686.0,Shopgoodwill,66146330,,1409115,1.0,,PayPal,430.39,390.59,12.31,,3.0,24.49,0.0,USD,35.15,12.78,09/10/2026 14:57:16
24804709.0,Shopgoodwill,66146339,,1008442,1.0,,PayPal,106.58,84.16,12.97,,3.0,6.45,0.0,USD,7.57,3.39,09/10/2026 15:00:58
24804728.0,Shopgoodwill,66146356,,1732347,1.0,,CreditCard,143.07,124.96,8.82,,3.0,6.29,0.0,USD,11.25,4.45,09/10/2026 15:01:04
24804739.0,Shopgoodwill,66146382,,2045814,1.0,,ApplePay,106.0,85.97,11.76,,3.0,5.27,0.0,USD,7.74,3.37,09/10/2026 15:11:15
24804740.0,Shopgoodwill,66146390,,2085154,1.0,,ApplePay,51.07,34.47,11.29,,3.0,2.31,0.0,USD,3.1,1.78,09/10/2026 15:23:52
24804776.0,Shopgoodwill,66146413,,1007203,1.0,,CreditCard,130.05,118.12,0.0,,3.0,8.93,0.0,USD,10.63,4.07,09/10/2026 15:31:09
24804777.0,Shopgoodwill,66146429,,1548212,1.0,,ApplePay,51.97,37.41,8.64,,3.0,2.92,0.0,USD,3.37,1.81,09/10/2026 15:33:37
24804783.0,Shopgoodwill,66146443,,2720642,1.0,,ApplePay,47.31,41.14,0.0,,3.0,3.17,0.0,USD,3.7,1.67,09/10/2026 15:36:15
24804804.0,eBay,12-88077-95035,,collect.27116,1.0,,CreditCard,38.43,20.98,13.27,,3.0,1.18,0.0,USD,4.84,0.0,09/10/2026 15:38:09
24804805.0,Shopgoodwill,66146464,,1001953,1.0,,ApplePay,102.06,81.36,11.3,,3.0,6.4,0.0,USD,7.32,3.26,09/10/2026 15:43:00
24804828.0,Shopgoodwill,66146466,,1851683,1.0,,PayPal,131.27,113.3,7.93,,3.0,7.04,0.0,USD,10.2,4.11,09/10/2026 15:45:11
24804839.0,Shopgoodwill,66146470,,1001652,1.0,,ApplePay,292.68,260.48,9.51,,3.0,19.69,0.0,USD,23.44,8.79,09/10/2026 15:50:45
24804841.0,Shopgoodwill,66146490,,1000924,1.0,,ApplePay,197.91,173.52,7.88,,3.0,13.51,0.0,USD,15.62,6.04,09/10/2026 16:00:00
24804865.0,Shopgoodwill,66146501,,2625288,1.0,,PayPal,99.87,79.87,11.58,,3.0,5.42,0.0,USD,7.19,3.2,09/10/2026 16:13:32
24804866.0,Shopgoodwill,66146520,,1006461,1.0,,CreditCard,86.71,71.83,8.25,,3.0,3.63,0.0,USD,6.46,2.81,09/10/2026 16:14:18
24804898.0,Shopgoodwill,66146538,,1176505,1.0,,CreditCard,93.76,76.81,13.95,,3.0,0.0,0.0,USD,6.91,3.02,09/10/2026 16:14:25
24804921.0,Shopgoodwill,66146566,,1776608,1.0,,CreditCard,70.07,62.65,0.0,,3.0,4.42,0.0,USD,5.64,2.33,09/10/2026 16:21:04
24804933.0,Shopgoodwill,66146594,,2203363,1.0,,ApplePay,40.72,22.72,13.4,,3.0,1.6,0.0,USD,2.04,1.48,09/10/2026 16:28:27
24804934.0,Shopgoodwill,66146610,,1365925,1.0,,CreditCard,66.82,45.26,15.4,,3.0,3.16,0.0,USD,4.07,2.24,09/10/2026 16:37:23
24804973.0,Shopgoodwill,66146618,,2038492,2.0,,CreditCard,212.83,192.96,13.87,,6.0,0.0,0.0,USD,17.37,6.47,09/10/2026 16:40:43
24804981.0,Shopgoodwill,66146627,,2290772,1.0,,PayPal,46.6,31.05,12.55,,3.0,0.0,0.0,USD,2.79,1.65,09/10/2026 16:42:16
24804993.0,Shopgoodwill,66146644,,1096229,4.0,,CreditCard,368.48,318.69,17.6,,12.0,20.19,0.0,USD,28.68,10.99,09/10/2026 17:08:44
24805011.0,Shopgoodwill,66146661,,2005396,3.0,,ApplePay,506.25,454.98,15.16,,9.0,27.11,0.0,USD,40.95,14.98,09/10/2026 17:14:11
24805013.0,Shopgoodwill,66146671,,1593061,1.0,,PayPal,56.29,36.94,14.49,,3.0,1.86,0.0,USD,3.32,1.93,09/10/2026 17:15:43
24805043.0,Shopgoodwill,66146680,,1032032,1.0,,CreditCard,63.54,47.77,10.13,,3.0,2.64,0.0,USD,4.3,2.14,09/10/2026 17:21:37
24805065.0,Shopgoodwill,66146690,,1116823,1.0,,ApplePay,50.16,31.1,13.75,,3.0,2.31,0.0,USD,2.8,1.75,09/10/2026 17:28:41
24805104.0,Shopgoodwill,66146708,,1005530,1.0,,CreditCard,64.66,48.37,10.19,,3.0,3.1,0.0,USD,4.35,2.18,09/10/2026 17:29:21
24805108.0,Shopgoodwill,66146717,,2287160,1.0,,PayPal,87.52,65.7,14.27,,3.0,4.55,0.0,USD,5.91,2.84,09/10/2026 17:30:24
24805123.0,Shopgoodwill,66146732,,2286341,1.0,,ApplePay,313.68,284.45,9.82,,3.0,16.41,0.0,USD,25.6,9.4,09/10/2026 17:32:53
24805155.0,Shopgoodwill,66146747,,1007931,1.0,,CreditCard,40.6,23.65,12.48,,3.0,1.47,0.0,USD,2.13,1.48,09/10/2026 17:45:38
24805158.0,eBay,12-88104-88186,,collect_11916,1.0,,CreditCard,38.32,21.25,12.89,,3.0,1.18,0.0,USD,4.82,0.0,09/10/2026 17:50:27
24805168.0,Shopgoodwill,66146749,,2113973,1.0,,ApplePay,51.89,36.26,9.86,,3.0,2.77,0.0,USD,3.26,1.8,09/10/2026 17:51:50
24805192.0,eBay,12-88118-67907,,shop_25737,1.0,,PayPal,119.29,95.84,13.27,,3.0,7.18,0.0,USD,14.76,0.0,09/10/2026 17:57:00
24805214.0,Shopgoodwill,66146759,,1007154,1.0,,ApplePay,119.68,99.17,10.16,,3.0,7.35,0.0,USD,8.93,3.77,09/10/2026 18:02:05
24805230.0,Shopgoodwill,66146760,,1373261,1.0,,CreditCard,106.41,88.92,7.84,,3.0,6.65,0.0,USD,8.0,3.39,09/10/2026 18:02:13
24805245.0,Shopgoodwill,66146769,,2649648,1.0,,CreditCard,3837.05,3562.05,15.38,,3.0,256.62,0.0,USD,320.58,111.57,09/10/2026 18:05:26
24805247.0,Shopgoodwill,66146781,,2417612,1.0,,ApplePay,88.96,70.19,10.77,,3.0,5.0,0.0,USD,6.32,2.88,09/10/2026 18:07:36
24805282.0,Shopgoodwill,66146793,,1154119,1.0,,ApplePay,40.64,24.04,11.81,,3.0,1.79,0.0,USD,2.16,1.48,09/10/2026 18:20:13
24805299.0,Shopgoodwill,66146802,,1906934,1.0,,PayPal,69.56,49.72,13.12,,3.0,3.72,0.0,USD,4.47,2.32,09/10/2026 18:24:26
24805301.0,Shopgoodwill,66146811,,1004816,1.0,,ApplePay,229.44,202.16,10.89,,3.0,13.39,0.0,USD,18.19,6.95,09/10/2026 18:26:22
24805321.0,Shopgoodwill,66146823,,2339135,1.0,,ApplePay,657.07,604.37,12.04,,3.0,37.66,0.0,USD,54.39,19.36,09/10/2026 18:26:54
24805332.0,eBay,12-88127-90272,,treasure.20021,1.0,,CreditCard,30.6,17.32,9.41,,3.0,0.87,0.0,USD,3.84,0.0,09/10/2026 18:32:21
24805338.0,Shopgoodwill,66146830,,1007035,4.0,,CreditCard,231.99,190.85,17.53,,12.0,11.61,0.0,USD,17.18,7.03,09/10/2026 18:48:10
24805361.0,Shopgoodwill,66146843,,1229726,1.0,,CreditCard,44.51,29.81,9.63,,3.0,2.07,0.0,USD,2.68,1.59,09/10/2026 18:49:04
24805384.0,Shopgoodwill,66146872,,1006216,10.0,,CreditCard,1247.6,1119.88,26.55,,30.0,71.17,0.0,USD,100.79,36.48,09/10/2026 20:11:46
24805400.0,Shopgoodwill,66146900,,1335769,1.0,,PayPal,43.56,27.56,10.94,,3.0,2.06,0.0,USD,2.48,1.56,09/10/2026 20:12:43
24805410.0,Shopgoodwill,66146909,,2344854,1.0,,CreditCard,28.94,11.48,14.46,,3.0,0.0,0.0,USD,1.03,1.14,09/10/2026 20:13:54
24805443.0,Shopgoodwill,66146935,,1596260,1.0,,PayPal,200.33,187.84,9.49,,3.0,0.0,0.0,USD,16.91,6.11,09/10/2026 20:28:39
24805482.0,Shopgoodwill,66146941,,1189413,1.0,,PayPal,55.39,38.74,10.62,,3.0,3.03,0.0,USD,3.49,1.91,09/10/2026 20:44:31
24805490.0,Shopgoodwill,66146953,,2002092,1.0,,CreditCard,221.57,193.09,13.03,,3.0,12.45,0.0,USD,17.38,6.73,09/10/2026 20:48:40
24805521.0,Shopgoodwill,66146977,,1586677,1.0,,ApplePay,63.4,45.89,11.48,,3.0,3.03,0.0,USD,4.13,2.14,09/10/2026 20:50:27
24805524.0,Shopgoodwill,66146992,,2614291,1.0,,CreditCard,139.78,115.59,13.38,,3.0,7.81,0.0,USD,10.4,4.35,09/10/2026 20:56:12
